addr,role,pred,inv
0xac2e5153170278e24667a580baea056ad8bf9bfb,attacker,attacker,1
0x5a1b2acd0c9992e14f2b6d8a326023e35a097a3a,related,related,1
0x63242a4ea82847b20e506b63b0e2e2eff0cc6cb0,related,related,1
0x990636ecb3ff04d33d92e970d3d588bf5cd8d086,related,related,1
0xb92fe925dc43a0ecde6c8b1a2709c170ec4fff4f,related,related,1
0xcd6b980029e6e6e0733ac8ec3e02be9410d09799,related,related,1
0x250edb15db402cb2732b27dccb5c22e65d4e52a5,suspect,related,1
0x72785d42874e965086829ea789a703fe1a5238df,attacker,attacker,2
0x0000000000000000000000000000000000000000,exchange,exchange,2
0x000000000004444c5dc75cb358380d2e3de08a90,exchange,exchange,2
0x0000a26b00c1f0df003000390027140000faa719,exchange,exchange,2
0x116f430e877b2145fd272568e3a1ea81116b55a4,related,related,2
0x1231de468368ea312c59c02bc5c64cad6fff2f11,related,related,2
0x2108aec348cb9370ebc9ca3c4906b2f3bdad9e49,related,suspect,2
0x4471092c788bcb99c5d65ed8ea4448019be84cfb,related,related,2
0x4971487d3d0aa618e7cc51069fddfb6b6b17289a,related,related,2
0x0120b5473cc9b28321a8f6e712cb5b4d2df32b31,exchange,exchange,2
0x02b9e949ba711523ee0f10470d09b47c64d7a46d,exchange,exchange,2
0x0598690ad1daffc3ac47fd6adcaeac547c067e26,exchange,exchange,2
0x0b07188b12e3bba6a680e553e23c4079e98a034b,exchange,exchange,2
0x109830a1aaad605bbf02a9dfa7b0b92ec2fb7daa,exchange,exchange,2
0x11b815efb8f581194ae79006d24e0d814b7697f6,exchange,exchange,2
0x1231deb6f5749ef6ce6943a275a1d3e7486f4eae,exchange,exchange,2
0x12d92d69c6de36d972e2c1046e615b7f53bf9c8e,exchange,exchange,2
0x1385fc1fe0418ea0b4fcf7adc61fc7535ab7f80d,exchange,exchange,2
0x1542cd77e7a605cbf140823a9f21fa7ddde44078,exchange,exchange,2
0x1715a3e4a142d8b698131108995174f37aeba10d,exchange,exchange,2
0x173a77805b59613a52d921234878aad9ac8fafe1,exchange,exchange,2
0x2054df898bb8ccbf532ecf067291d994a8a9dc8a,exchange,exchange,2
0x225a38bc71102999dd13478bfabd7c4d53f2dc17,exchange,exchange,2
0x248115681aee9c3995f4f9c49eebe934eda73c70,exchange,exchange,2
0x25ca2719b2b4bc137be0ea6e5bb83bf3a3dbdb7e,exchange,exchange,2
0x2739b0a16e169d2f14177a8e5efb3585eb99ced2,exchange,exchange,2
0x2b3dc183383b61bbd7a35fb7f571da7811f08e5d,exchange,exchange,2
0x2b7e68fa478ebf6b1b4697fabaedb61fe17cfab5,exchange,exchange,2
0x2caccf71bdf8fff97c06a46eca29b611b1a74b5e,exchange,exchange,2
0x30ea22c879628514f1494d4bbfef79d21a6b49a2,exchange,exchange,2
0x35b88354c51613fe8857e02668c68e8c52161ba2,exchange,exchange,2
0x376e613a5159d979a26eae2d5ef828b9c2c3bebb,exchange,exchange,2
0x3b0aa7d38bf3c103bf02d1de2e37568cbed3d6e8,exchange,exchange,2
0x3e386db445ebb088e2afdbb8951f8413d18d963f,exchange,exchange,2
0x3ebec0a1b4055c8d1180fce64db2a8c068170880,exchange,exchange,2
0x3fa5db0910afc2a1e6de45039ea217410fb8641d,exchange,exchange,2
0x4028daac072e492d34a3afdbef0ba7e35d8b55c4,exchange,exchange,2
0x4085cafb2c519e6bf69ad410d91dbb6139948366,exchange,exchange,2
0x43ee35d5542f5b826fa92832bd97caff153675a8,exchange,exchange,2
0x43fdbee01a1f6698766a51a69d4a849ec09cbe81,exchange,exchange,2
0x4b5ab61593a2401b1075b90c04cbcdd3f87ce011,exchange,exchange,2
0x4d63da0421ab1d71fbf2a3d3c8625a66d9b9799d,exchange,exchange,2
0x4f9fc4e0b79c1cbf16e68863ad5e9de6a94a346c,exchange,exchange,2
0x50c6280ec02222b04deed2573555e65298f93319,exchange,exchange,2
0x5281e311734869c64ca60ef047fd87759397efe6,exchange,exchange,2
0x55ac81186e1a8454c79ad78c615c43f54f87403b,exchange,exchange,2
0x56d8bbe2d518205b521aeb86a58e1b53b047a44f,exchange,exchange,2
0x5e335f2d0749fed8586b007708db7bb99bdb96fe,exchange,exchange,2
0x109252d00b2fa8c79a74caa96d9194eef6c99581,attacker,attacker,3
0x30cfa51ffb82727515708ce7dd8c69d121648445,attacker,attacker,3
0x3b09a3c9add7d0262e6e9724d7e823cd767a0c74,attacker,attacker,3
0x463452c356322d463b84891ebda33daed274cb40,attacker,attacker,3
0x4735fbecf1db342282ad5baef585ee301b1bce25,attacker,attacker,3
0xa42297ff42a3b65091967945131cd1db962afae4,attacker,attacker,3
0xc22b8126ca21616424a22bf012fd1b7cf48f02b1,attacker,attacker,3
0xe072358070506a4dda5521b19260011a490a5aaa,attacker,attacker,3
0xf2dd8eb79625109e2dd87c4243708e1485a85655,attacker,attacker,3
0x07652d5c291fd9fa1be4a52532d1cdf1208c6209,suspect,suspect,3
0x0bc45ffa2cb8816379ac027c8746f11302dc8090,suspect,related,3
0x163a059d80bf4101f00f68a3637589420c791209,suspect,suspect,3
0x30e2096c6d4d5d2a2493229d72111c8d031c181e,suspect,suspect,3
0x35554467f70f41d7a6662bf101175d0d32152055,suspect,related,3
0x3a06ccafb8ac3c83de78c628a37d2c241962ef40,suspect,suspect,3
0x40a22244e610733b6e2702d314009cc697c2ad3f,suspect,suspect,3
0x5ea8d606ee8e228aabf978cad514a867578590aa,suspect,suspect,3
0x6367cd91fd1c9aab6b939654aaebc9e82660b54b,suspect,suspect,3
0x72b28cd1b7e43203fc0944c6f99e02229140ce66,suspect,related,3
0x7d7b0629c2d9660c0e0462b765826d5ac92661ea,suspect,suspect,3
0x8ca86978b9e6de27a66076b524b4da00ad7d1a4e,suspect,suspect,3
0x921a0b515aeadaa32da097e0ddd0eb73480cccaf,suspect,suspect,3
0x97b33c3f00dbfbf01dbf362e7fb115fd85b6d93b,suspect,suspect,3
0xa30634ec9935a34d2d3810077ae334e83a22004f,suspect,related,3
0xa306565916422319ad0ec32432ab5a5857d3004f,suspect,related,3
0xa30680b460f2124f0ff9d72fe845f785887c004f,suspect,suspect,3
0xa306b5af10815a40a7b81dfa68751445b0ac004f,suspect,related,3
0xa77f3a3840ed45f466dfbf2ef5b274b79841ea07,suspect,suspect,3
0xbf8908dffae6f4cf2fda696d7b5e34c6b50080b5,suspect,suspect,3
0xc1675c358367165e0fb3bf1e24a04917046bdf11,suspect,suspect,3
0x5271e63bf5d6a8833ff79e9bcb26571f2ee74228,related,related,3
0x527b2b653ad3f516566dfcdbe8221e831b554228,related,related,3
0x0000000000000000000000000000000000000000,exchange,exchange,3
0x159f34a2336d974c06af12f223313eccad103284,mixer,mixer,3
0xe317e5c9ff8c29e0abc95532c486f5f935d8ed10,suspect,suspect,3
0xe57d3c434686ba45d1f0e75092a3c2dbe2c30071,suspect,suspect,3
0x0638fae9a1623a3156824e4a524ace6920447f70,suspect,suspect,3
0x0df430becb0c7ee80afba8e233bc6cb0e5cae2f1,suspect,suspect,3
0x1a6f9afe79858279528e171f0a275ecf767a7306,suspect,suspect,3
0x1d6bb26a161b1b750850598afcb094942364d9fe,suspect,suspect,3
0x2295f27fc787b7b6e51c2ea92094b5e5e138d95d,suspect,suspect,3
0x47332c1f2e3c6b79aae3cc6b3476fa85023713d6,suspect,suspect,3
0x49e076aa2e6fc34e92a438997b95217cf12e5df7,suspect,suspect,3
0x4dac28ef9808fd549bfa94da3185b667871ed4b2,suspect,suspect,3
0x5c7e082db07d5e77bfb8b5f57d6cfb9e9709d6ac,suspect,suspect,3
0x5cc342d4efc3ffa36d3fcd0ec0ae8d5c902c1bcc,suspect,suspect,3
0x94f6e50da869e540f812860b98753c40102fbf3f,suspect,suspect,3
0x9b3d54a685ad6f5eb3ea13da62a5d328c492b689,suspect,suspect,3
0x9c6caf5d1403b92a65db174b7920f083a90332bb,suspect,related,3
0xbbad3a0457fe526c2b5cb59f9c4c651fc3697559,suspect,suspect,3
0xc4a50fc2103617ca6656e30ab4b48ac2becfc68b,suspect,related,3
0xc58c5590300bc69a9830991d21d7b53bb89eb8f7,suspect,suspect,3
0xca90599132c4d88907bd8e046540284aa468a035,suspect,suspect,3
0xcbade76c614a10c53508075210b9cd1c798331cd,suspect,suspect,3
0xd4532b2b555cea9a374852ec979511dd77c3197c,suspect,suspect,3
0xc718a5854434e862757071e1a51c3e55f17bdc21,exchange,exchange,3
0xca88ca8d70789362817aefff70c611eb0f5d74d0,mixer,mixer,3
0x91eb52484c9e1a60aa9c96f6b0b9f9a556210eda,related,related,3
0xb9b9acd4f5a5c138f4673e15013a5d34f32cad1e,related,related,3
0x1060cec715249e02ad718bf0031f0c060d23c23a,suspect,suspect,3
0xff72329c709fc599606c70f66215eb801bd5bd9c,mixer,attacker,3
0x2010c1081493c112881be45c4723152d239720f6,suspect,suspect,3
0x27bed3430d23cce876b67c4d02af5307581d8f81,suspect,suspect,3
0x2826a7cec85e71ab6288a0b33fc97d026f21b396,suspect,suspect,3
0x36773b67591776f367d168e8a380ab1eaace073c,suspect,suspect,3
0x3e63d0e981364047ae3ad535d3269dd63f478b07,mixer,mixer,3
0x75781593906d040b2b3e116595ec6d9fdea810fa,mixer,mixer,3
0x7f3ba3f18f1378fbd8efa0a20bfe7016e2efd266,exchange,exchange,3
0x89185c4d584cd04e985deb7d9150b03d97d7a592,exchange,exchange,3
0x8bcc6a243bb771d2488297bc01bc13c02fa9ac9f,mixer,mixer,3
0x929f37a7241b33b3e86212303e8bbbaded82aabe,mixer,mixer,3
0x9567fe86dab0e24ae3425b7baa5483928c926a1b,mixer,mixer,3
0xa2298d9942daa68ea017a806e107ab8bfc1507bd,mixer,mixer,3
0xc52586ffa1acff7bc45eb0ce7e26c36010da0b65,exchange,exchange,3
0xcc8ab9cd140e8f5cedcc427d1ff1fb87525770c1,mixer,mixer,3
0xf28ccd4e6a2faad9ab050e181273ccf24bc36a70,exchange,exchange,3
0xf70da97812cb96acdf810712aa562db8dfa3dbef,exchange,exchange,3
0x075db9abb076ede13926802fc91deb396b560e93,exchange,exchange,3
0x38f0c00a58b14a43cb7fc8b65f867fefa64b9d1f,mixer,mixer,3
0x88d527d4fd7aa71b563b72e3b31513f655ccd74b,mixer,mixer,3
0xaa39c6d6be85edf6944bfdf32179877be87c9091,exchange,exchange,3
0xc4964ffc5b9955a585c369091d91d4969e9467c4,mixer,suspect,3
0xc50c02fedeb8333f092ac25a4d1d7ac0cdf491e5,mixer,mixer,3
0xc91e86cb0586c4092c873e6578690acaf2d4ca97,mixer,mixer,3
0xca4d540d5578cc35cc22bec51eca8975707ec57b,exchange,exchange,3
0x4cd00e387622c35bddb9b4c962c136462338bc31,exchange,exchange,3
0x5741a883baf845f954ee5a6897a11eb27ec374a6,exchange,exchange,3
0x5745050e787f693ed21e4418d528f78ad9c374a6,exchange,exchange,3
0xb92fe925dc43a0ecde6c8b1a2709c170ec4fff4f,exchange,exchange,3
0xecd569d3139dc05c2813ce8c37e37b37704c2101,exchange,exchange,3
0xecd7eef15713997528896cb5db7ec316db4c2101,exchange,exchange,3
0x1293fb55f7d35f5e5d19d0bfac65c61900932a94,mixer,mixer,3
0x16a9ec8237302df3c6fc8d159248a7a55ff9fb6e,exchange,exchange,3
0x25ab3efd52e6470681ce037cd546dc60726948d3,exchange,exchange,3
0x276cea2c682f16a9c2a455338bdb075134669dd8,exchange,exchange,3
0x33f1f813b596299b458257018600d943c8aff474,exchange,exchange,3
0xb37d617716e46511e56fe07b885fbdd70119f768,seized,attacker,4
0x5ea1b217c500a6db1a69d0e0d85628d1e812aebb,related,related,4
0x7a503e3ab9433ebf13afb4f7f1793c25733b3cca,attacker,related,5
0x933597a323eb81cae705c5bc29985172fd5a3973,exchange,exchange,5
0x9008d19f58aabd9ed0d60971565aa8510560ab41,exchange,exchange,5
0x00000005d8fe54bdf696d72db37c9bb09ac80088,related,related,5
0x000aa644afae99d06c9a0ed0e41b1e61beca958d,related,related,5
0x001b6450083e531a5a7bf310bd2c1af4247e23d4,related,related,5
0x004375dff511095cc5a197a54140a24efef3a416,related,related,5
0x00695c7fcd8ee1517adb85c24547fc792613a5c5,related,related,5
0x008f905a5a5adefe2df2109d074f675e2c53195c,related,related,5
0x00a32e18524c3df72ec65f8aa8e055097e678187,related,related,5
0x00ad3d4cc099be937879451698c673cbd5c3cefc,related,related,5
0x00c62fb0ed991c19edffedf58136f42d188c3cf2,related,related,5
0x00de3a8bdee6e682c3509d66a947d05a8ca797af,related,related,5
0x00e2ad8ca24f7b657aee021985050843795cf22f,related,related,5
0x00ee76bdc3175874a26b0b8a29e9844521802ecc,related,related,5
0x00fff7e689a4ed9668c9207f55c8d68bab1cb507,related,related,5
0x010e3a3a9aaf3d8ee76b26d154f8c16c970f477e,related,related,5
0x013dc661d9aa18cb2cd59040c746c284d2e3200e,related,related,5
0x013eac5f140fef32869003ff9e7f4b0a24f86ff5,related,related,5
0x017e26488b7bb3b1ff9d61f3496458a17cda83bc,related,related,5
0x018d55dcff7b73817ac0e32deca83f8b7ad7b5fe,related,related,5
0x019154236954baca79f9d855a08cfafaaafb7f4f,related,related,5
0x019a163768a75f040591c91c70522df65ee204bc,related,related,5
0x019b1b8b5381ad84d50b8e9e17d12e127eec1f26,related,related,5
0x01c78668d9351d6136ab8eec1dfdda87396482fa,related,related,5
0x01c7b3b2be439441e3cc8644b64b664d5e4e997f,related,related,5
0x01d0e582477f45f73748a84ce1f6e448009bdd91,related,related,5
0x01fba1f87363e20e7a082fe1d8d47036002e7910,related,related,5
0x02228784b938b4463de83d66bbfcde22682569d9,related,related,5
0x023ebb99d4b85e6470c6e45a3f2e70ab446d3e7c,related,related,5
0x028d4ef2329e0f6726571f597dc60cd6a5fcfb22,related,related,5
0x02ca45f5a62143becc50c322c87555781cfaae72,related,related,5
0x02cde6be34a59ff01aa532d56956a3c339c26322,related,related,5
0x02e9a3c5b0b47fc8debddc50972a8d72caba7059,related,related,5
0x02f36b70a65ac6a2bea66dd3cfeafa52958d240b,related,related,5
0x034f4243c5e44976913d3e607089d75bc976dde2,related,related,5
0x03544322c53b12f8e5d5954f5a7cc8bd7610629f,related,related,5
0x0374015823a0e38fff3425097ce7d1427b65fef8,related,related,5
0x03894d4ac41dd6c4c2f524ed4417c90fa46972c6,related,related,5
0x038db6c62d0f072616e2b8db7d3d7cfc829f7f65,related,related,5
0x03a13b51afedaac32fd63092c0dc75e00536096d,related,related,5
0x03cddb901b84f7e4d49350fedf0b764ab6fcfe73,related,related,5
0x03f98cfcf8193635b945ca9a9a9dd0f7fc8cebdf,related,related,5
0x0403d6d288db8908b5ff21b60d347c6e450eb828,related,related,5
0x042f0f500ef5152b1fa3d360666fcf30717377ab,related,related,5
0x045903f283d33a618c801ab5a079cd8cb0dfdc06,related,related,5
0x0462096a2631fa4974713f0c0e29b43b510f6570,related,related,5
0x0463a06fbc8bf28b3f120cd1bfc59483f099d332,related,related,5
0x050ac21c63ee3edddbe27bdaa7a87b0c9f5fd75b,related,related,5
0x05262e0752d1535a4fddb8924d47ceba90bc6bcc,related,related,5
0x052fb1a0febc6c1df3a4ca36fbdae4fe6e96a488,related,related,5
0x054f812d7551295b2abc50be580650a56bb7820a,related,related,5
0x055994e836a0d561af0cbc04b9d3a6682debd0c7,related,related,5
0x055cedfe14bce33f985c41d9a1934b7654611aac,related,related,5
0x057455fcb409df5904b51dcc2309f8b7db75f2aa,related,related,5
0x05767d9ef41dc40689678ffca0608878fb3de906,related,related,5
0x0589e281d35ee1acf6d4fd32f1fba60effb5281b,related,related,5
0x05afd1cfd4dcb56a8d004d91c25030425f0a3aac,related,related,5
0x05e14e44e3b296f12b21790cde834bce5be5b8e0,related,related,5
0x8c12c21c394d9174c3b1a086a97d2c5523abb8f5,attacker,suspect,6
0x74d01e4704f53c44d24d2946f9aa16b6bc016631,exchange,exchange,6
0x9704226828b9094e4d38882c0a23fdb9a53de06e,related,related,6
0x9704e0106b904f4f78e2b70b0306b47c27e1e06e,related,suspect,6
0x1550eb5674abb1fab7f46da609dd2f2f25c64e29,suspect,suspect,6
0x25228ef9a72c68fbf37b39c2e500d018c4e2dd45,suspect,suspect,6
0x8edb6abcdbcf85ef136572b9775e14eeabdd431c,suspect,exchange,6
0xb162e8129a5db70ded28c2f2cc38facde8257522,suspect,exchange,6
0xb9d514814c1780c235e4b973d16210d917e32926,suspect,exchange,6
0xc0ad8e63ce3c43b158ad7284b26ab161a5122af1,suspect,related,6
0xc1789999e3a80f71cdaad44aa8521a0f5829d55b,suspect,suspect,6
0xd1e5a59020cf54d7d8134d01ef045aca6182fba3,suspect,related,6
0x74de5d4fcbf63e00296fd95d33236b9794016631,exchange,exchange,6
0xd07c4f45bc9b389d286cb094f97bb6ba45f4bb30,exchange,exchange,6
0x0f49943d89e7417522107f6e824c30aad487e6c0,exchange,exchange,6
0x111bb5c4157f3ec5f1967e57025ea84a924efe07,exchange,exchange,6
0x11bf2e0d39d8589c96171a4102ea39c834067e26,exchange,exchange,6
0x161a4682a69a0cf35713268f1348a068d745a5d2,exchange,exchange,6
0x1fb5eaa93251fd014773dc66dd740bdb2637379d,exchange,exchange,6
0x2088933e4242cc7020fb8fb18481c7d22f3e8a55,exchange,exchange,6
0x26ca7aefbc73cb20364df9bba4fdf642c52a60e4,exchange,exchange,6
0x289f8baab9f7587214377744bcaaeb6021accf95,exchange,exchange,6
0x51e5315e62460e4fe50d80dea05765747f88f51c,exchange,exchange,6
0x52f771fe43bbfce63f5193cb116e98392c78edd3,exchange,exchange,6
0x53bd4713a1dfac2d0d9d74a49c01c2d4e3c3672c,exchange,exchange,6
0x660b045699ecc049036c0db165bcb99fc22a2d51,exchange,exchange,6
0x6f9fe88ce51936bdf7701bf23d7d479dbb05d44a,exchange,exchange,6
0x7701996420a116f25bd414c02381f6db698bf2eb,exchange,exchange,6
0x7f97f3d313d336714a5ed43ed636d5507fef6165,exchange,exchange,6
0x98bcc6c34a489cefdd9dfa8d792cfefb02ea2d12,attacker,suspect,7
0x0ed868c5410794c9100414eacb8454f3f019c279,exchange,exchange,7
0x111111125421ca6dc452d289314280a0f8842a65,exchange,exchange,7
0x11bf2e0d39d8589c96171a4102ea39c834067e26,exchange,exchange,7
0x1290a6b480f7ef14925229fdb66f5680ad8f44ad,exchange,exchange,7
0x1509b54dfe30dca512a981cac6d9181560919851,exchange,exchange,7
0x1fb5eaa93251fd014773dc66dd740bdb2637379d,exchange,exchange,7
0x276cea2c682f16a9c2a455338bdb075134669dd8,exchange,exchange,7
0x3fc29836e84e471a053d2d9e80494a867d670ead,exchange,exchange,7
0x3fdee07b0756651152bf11c8d170d72d7ebbec49,mixer,mixer,7
0x522a8f36e23fe1c5018e28764fea161c5f951cad,exchange,exchange,7
0x52f771fe43bbfce63f5193cb116e98392c78edd3,exchange,exchange,7
0x6acbeeac8590eb7b22c295bc68974f9366a83edf,exchange,exchange,7
0x9347e04ea939b15f5965dd1adb5e496423d21956,exchange,exchange,7
0xb162e8129a5db70ded28c2f2cc38facde8257522,exchange,exchange,7
0xb9d514814c1780c235e4b973d16210d917e32926,exchange,exchange,7
0xbaf8e479dda4066240409b11dda86cb4041f05e3,exchange,exchange,7
0xcdb9f907bd8828be9643b39cd4638d362fd6e9c4,exchange,exchange,7
0xd1071163ea0670b011d7456c10a9456e5528b4e6,exchange,exchange,7
0xed1a16253f77db8b21e4b73a3cc196d54259bc43,exchange,exchange,7
0x271930ea9984ece66fa0029aa490a99ea42d5876,related,related,7
0x4d269e27496f4f92dd847b2e6f0c569266024ddf,related,related,7
0x5ca68330e78b20ee5eace1d6dd68aefc88a994b3,related,related,7
0x7c1b003893c89f5dcb0b2ef313f6440f197e780b,related,related,7
0x95f04e113b71d09cb18970eaa4a4c3552baa3838,related,related,7
0x95f0a79cb2fe44132bddddd1e5a1b8411b9f3838,related,related,7
0x000000fee13a103a10d593b9ae06b3e05f2e7e1c,related,related,7
0x0000017774c6f0af82a621834c846bbbeb982b4f,related,related,7
0x00020c6f6f9fa9b9c4b3dec3daf42a7d73e5882c,related,related,7
0x0011b49cbb516f34d4f6891857ef4ab4c0edc159,related,related,7
0x00559158f2ef0c592bb11798614d3180c0f997fa,related,related,7
0x010e76fdfb8c8307f24344a18aab69bd767def2a,related,related,7
0x01503dc708ce3c55017194847a07acb679d49f47,related,related,7
0x0156a98f1b82045c10cab22a0640f808fe21beea,related,related,7
0x01c0255d63e287cb0006328de58aa2e60d147bee,related,related,7
0x0219ab3584db4b71fc90a8f861b86f2a384a7ec0,related,related,7
0x022e8ed4cbd10deab4d2d19386cf6a6065c9a4de,related,related,7
0x024a88896b6a85bdacb2de0f23e7fdfca7091f5c,related,related,7
0x027d3e2d5fa4f710aae2afa95bc4f3d2b9b9fc95,related,related,7
0x0285df8088a18e8b7d1fdc64cc21bebdfc2165cb,related,related,7
0x03013d300c99a9c603f5f706860cb5374b7efaae,related,related,7
0x0312c6900eb1412dea0989224d18684acf764041,related,related,7
0x03170ea647b42fc02fcabc355bbc4138002c5a47,related,related,7
0x03850dabc0b88d5b6041a193c8b2c1d4da934db8,related,related,7
0x03aa33b33b9ff4f5bdc8fb44fdc6545d75e703ce,related,related,7
0x03e3571443b08260804f14f75131f6476915214f,related,related,7
0x03e3f62ff8dfb80a86e12708f4812570179355a4,related,related,7
0x042d821306a1dca3a573837f6c9c0b029cac0677,related,related,7
0x046d87d3b650fbbdf49acb901030a5cf027548d8,related,related,7
0x04bb70637f476c8106c25b21cb0c84922edd4d59,related,related,7
0x059a051f36c1fbf842030160f653949aa636904e,related,related,7
0x05e1cbeaa192a2c2fc7f946b6420eaa79fb82d4b,related,related,7
0x05fd9e89c4f9215a41e0603ffdeaca285ef2d06d,related,related,7
0x065545483d8d11ab5e22e70b9ab10a7a312156c1,related,related,7
0x065f74db1331b7751e97446c4a153fd2753e5aa2,related,related,7
0x06af3189c3f7a86b57439b193441b0da16ebe15f,related,related,7
0x06ceb374522f86ae62713f0ca392090934c5ac15,related,related,7
0x06cf19e0c17fc400b20f59c3c405ab0e5f73e7ff,related,related,7
0x06d390a7c41bec79ce81e0b8bfffab76429b3433,related,related,7
0x06db8f4effb87707c5803dd7ae0a794934f22b07,related,related,7
0x07565d54d55c3615fd8fe6c7727c0bd1a8081a55,related,related,7
0x0778db374e1e6b5f8cce9dc8915e9badb51a9b46,related,related,7
0x07a5c501e39e252cfbb4e510fd20e8af6419579b,related,related,7
0x08561107be23baf1d3feb5ba7025eda345f30af8,related,related,7
0x087d74dfb162524275eb46d223a66f45763d48f8,related,related,7
0x09054b6a8dc0806345b795e7d08931ce04231fb6,related,related,7
0x091a272e1a1cebb137a4843e5105cf552c773386,related,related,7
0x0920ab10fc07aba941030abda87bb75d648b96e9,related,related,7
0x094226af22bc6f586552bc549658f3d4a9aac763,related,related,7
0x09437d2d45ddfeea802b20416f4ae9df2e334d05,related,related,7
0x09531946405d69ceee91e64c3a54122d388489e3,related,related,7
0x09de2eccfe9af85cb79b5943d265597cc70f206d,related,related,7
0x225a38bc71102999dd13478bfabd7c4d53f2dc17,exchange,exchange,7
0x74de5d4fcbf63e00296fd95d33236b9794016631,exchange,exchange,7
0xd36ae827a9b62b8a32f0032cad1251b94fab1dd4,exchange,exchange,7
0x4f8affe6cd269d1f8352d0542432de6975c3912d,attacker,mixer,8
0x11bf2e0d39d8589c96171a4102ea39c834067e26,suspect,exchange,8
0x2101fa7a7c436a301603c371314ab9d4a9ef0869,suspect,related,8
0x276cea2c682f16a9c2a455338bdb075134669dd8,suspect,exchange,8
0x33f1f813b596299b458257018600d943c8aff474,suspect,exchange,8
0x522a8f36e23fe1c5018e28764fea161c5f951cad,suspect,exchange,8
0x52f771fe43bbfce63f5193cb116e98392c78edd3,suspect,exchange,8
0x60597bff98bfb335f57d08bd2d23f96ee0015bdc,suspect,exchange,8
0x7dd409dd12cb2c6a3e4f362b73309c445b9d88f5,suspect,suspect,8
0x84bbc67b11881fdaffb4f0ca10a3a07300a151a6,suspect,exchange,8
0x9347e04ea939b15f5965dd1adb5e496423d21956,suspect,exchange,8
0x9e351a9d94d7a0727f273450f4a75f2b062e479b,suspect,exchange,8
0xb6dacfc9e6443f2546e9285ba4ae6359cdc20727,suspect,suspect,8
0xdb1a3039ca07b48c4a8444c22a3806d9671dc252,suspect,suspect,8
0xe617cb6f95ee083b18287e86be729f87c172f949,suspect,suspect,8
0x00000688768803bbd44095770895ad27ad6b0d95,related,related,8
0x000c120210326feccb49192699bddea4056b0d95,related,related,8
0x136464bebd09df1493b3360ab2410a7c7c7864a1,related,related,8
0x2d5805a423d6ce771f06972ad4499f120902631a,related,related,8
0x2d5867bbcc5823eb5c22819be67be4e65202631a,related,related,8
0x3e8468f66d30fc99f745481d4b383f89861702c6,related,exchange,8
0x6745024462abf2c049f54b381c4ad4a8c8d999c4,related,exchange,8
0x7cf772f60a51563898af5f9cdbc0bcc6c626baaa,related,exchange,8
0x8fc3a723de11f466eaa7cc086132caf8a59ffc1a,related,related,8
0xa8c1c98aaf99a5dfc907d61b892b2ad624901185,related,exchange,8
0xbeef02961503351625926ea9a11ae13b29f5c555,related,exchange,8
0xd6f3768e62ef92a9798e5a8cedd2b78907cecef9,related,exchange,8
0xf0a12fefa78181a3749474db31d09524fa87b1f7,related,exchange,8
0x5a1b2acd0c9992e14f2b6d8a326023e35a097a3a,related,related,8
0x8c864d0c8e476bf9eb9d620c10e1296fb0e2f940,related,related,8
0x0000000000000000000000000000000000000000,related,related,8
0x000000000004444c5dc75cb358380d2e3de08a90,related,related,8
0x000ba527862e5b82cff0f7c66b646af023274aa1,related,related,8
0x001b6450083e531a5a7bf310bd2c1af4247e23d4,related,related,8
0x003896387666c5c11458eeb3f927b72a11b19783,related,related,8
0x00836fe54625be242bcfa286207795405ca4fd10,related,related,8
0x018008bfb33d285247a21d44e50697654f754e63,related,related,8
0x024617bd31fa2298d5def5412d0386838a855191,related,related,8
0x03296fdd8bf8e0f9def07fac3466b256fc8720b0,related,related,8
0x05767d9ef41dc40689678ffca0608878fb3de906,related,related,8
0x0619062b988576fe2d39b33ff23fb1a0330c0ac7,related,related,8
0x06cd6245156c3608ae67d690c125e86a8bc6a88c,related,related,8
0x06f00544c0bc62e6db10f46d370dfccdc23d8189,related,related,8
0x071c661b4deefb59e2a3ddb20db036821eee8f4b,related,related,8
0x07af6bb51d6ad0cf126e3ed2dee6eac34bf094f8,related,related,8
0x084b5191bd08412952337b1108b6e5942418928f,related,related,8
0x08612fcb3b676c7f21acb216be0dd4c989891084,related,related,8
0x08a10a8b713c03e2fecaa3e355cea18a459ffcbf,related,related,8
0x096501097213216a36f33b3d7e0ff4c2e0347a64,related,related,8
0x09cabec1ead1c0ba254b09efb3ee13841712be14,related,related,8
0x0b02428e7c2c24ccf64426e637aee0c879bd1860,related,related,8
0x0b599ebf4e05af48b56d38e2dde520570c366460,related,related,8
0x0b925ed163218f6662a35e0f0371ac234f9e9371,related,related,8
0x0c722a487876989af8a05fffb6e32e45cc23fb3a,related,related,8
0x0d0d65e7a7db277d3e0f5e1676325e75f3340455,related,related,8
0x104e7642ea8f791b747c672aa8e5ebe92f88f3b1,related,related,8
0x109830a1aaad605bbf02a9dfa7b0b92ec2fb7daa,related,related,8
0x11a6713b702817db0aa0964d1afee4e641319732,related,related,8
