tx_count,unique_counterparties,avg_tx_value,median_tx_value,max_tx_value,min_tx_value,std_tx_value,total_volume,in_count,out_count,in_volume,out_volume,in_out_ratio,volume_ratio,avg_in_value,avg_out_value,unique_in_counterparties,unique_out_counterparties,counterparty_concentration,value_entropy,activity_span_days,avg_txs_per_day,large_tx_ratio,round_number_ratio,_inv_id,_role
249,215,2.5046167916171327e-06,9.585059389419952e-17,0.0005075888973928134,0.0,3.286765260269783e-05,0.000623649581112666,222,27,0.0006236488075579484,7.735547175537397e-10,8.222222222222221,806211.6271879926,2.8092288628736417e-06,2.865017472421258e-11,204,11,0.09236947791164658,3.3159890270354766,22,11.318181818181818,0.0,0.9718875502008032,1,attacker
6,1,2.16665268061531e-11,9.009090273659621e-15,1.2922984682435838e-10,1.22992e-21,5.269589310917756e-11,1.299991608369186e-10,6,0,1.299991608369186e-10,0.0,6.0,1.2999916083691858,2.16665268061531e-11,0.0,1,0,1.0,2.584962499855539,1,6.0,0.0,1.0,1,related
2,1,3.6543571236212204e-15,3.6543571236212204e-15,6.755864418626159e-15,5.528498286162812e-16,4.386193680395077e-15,7.308714247242441e-15,2,0,7.308714247242441e-15,0.0,2.0,7.30871424724244e-05,3.6543571236212204e-15,0.0,1,0,1.0,0.9999999997114609,1,2.0,0.0,1.0,1,related
6,1,3.160711603425119e-11,2.163263170224707e-15,1.8857756143415582e-10,1.66325941e-18,7.690066738644604e-11,1.896426962055071e-10,6,0,1.896426962055071e-10,0.0,6.0,1.896426962055071,3.160711603425119e-11,0.0,1,0,1.0,2.584962499855539,1,6.0,0.0,1.0,1,related
5,1,8.780036755424111e-11,2.49483925724183e-17,4.390011935503393e-10,1.6333807580578132e-20,1.963272301705015e-10,4.3900183777120554e-10,5,0,4.3900183777120554e-10,0.0,5.0,4.390018377712055,8.780036755424111e-11,0.0,1,0,1.0,2.3219280941660148,1,5.0,0.0,1.0,1,related
2,1,1.077177578465899e-15,1.077177578465899e-15,2.154355088869e-15,6.8062797924113e-23,1.5233590442953511e-15,2.154355156931798e-15,2,0,2.154355156931798e-15,0.0,2.0,2.154355156931798e-05,1.077177578465899e-15,0.0,1,0,1.0,0.9999999997114609,1,2.0,0.0,1.0,1,related
2,1,1.91479145e-17,1.91479145e-17,2.83e-17,9.995829e-18,1.2943003438098148e-17,3.8295829e-17,0,2,0.0,3.8295829e-17,0.0,0.0,0.0,1.91479145e-17,0,1,1.0,0.9999999997114609,1,2.0,0.0,1.0,1,suspect
246,211,4.7069954974518786e+38,1.3211160751258621e-17,1.157920892373162e+41,0.0,7.382633965466482e+39,1.157920892373162e+41,220,26,1.157920892373162e+41,3.605598012907697e-11,8.461538461538462,1.157920892373162e+51,5.263276783514373e+38,1.3867684665029603e-12,196,16,0.13821138211382114,3.2995209294640118,287,0.8571428571428571,0.0040650406504065045,0.9959349593495935,2,attacker
277,46,4.180219828061957e+38,5.011131600157233e-16,1.157920892373162e+41,0.0,6.957272363236536e+39,1.157920892373162e+41,212,65,0.10000000100904369,1.157920892373162e+41,3.2615384615384615,8.636168642237157e-43,0.00047169811796718723,1.7814167574971725e+39,19,29,0.7653429602888087,3.058604526673326,3483,0.07952914154464542,0.0036101083032490976,0.9963898916967509,2,exchange
1246,293,1.0045729713954248e-05,7.5343316213006005e-16,0.01,9.999008910000001e-28,0.0002836367799158712,0.012516979223586992,587,659,0.011650648947053345,0.0008663302765336463,0.8907435508345979,13.448276324440407,1.9847783555457146e-05,1.3146134697020429e-06,214,105,0.6179775280898876,3.3219169362936225,248,5.024193548387097,0.0,0.9454253611556982,2,exchange
1252,1101,1.260112066679773e-18,1.8775e-21,4.375e-16,6.75e-23,1.5683458054419434e-17,1.5776603074830758e-15,1252,0,1.5776603074830758e-15,0.0,1252.0,1.577660307483076e-05,1.260112066679773e-18,0.0,1101,0,0.03035143769968051,3.320361462796578,1139,1.0992098331870062,0.0,1.0,2,exchange
4,3,3.180633227e-15,1.356266454e-15,1e-14,1e-17,4.623171359997998e-15,1.2722532908e-14,1,3,6.82532908e-16,1.204e-14,0.3333333333333333,6.82532908e-06,6.82532908e-16,4.0133333333333336e-15,1,2,1.0,1.9999999994229218,6,0.6666666666666666,0.0,1.0,2,related
1301,408,5.019031106727292e-15,6.7215633147305605e-18,1.1422830356607595e-13,3.2939127099296404e-22,1.1792454904478648e-14,6.529759469852206e-12,629,672,3.087939633560032e-12,3.441819836292174e-12,0.9360119047619048,0.030879396335600322,4.9092839961208775e-15,5.121755708768116e-15,245,220,0.33358954650269024,3.3195802422663343,161,8.080745341614907,0.0,1.0,2,exchange
1276,394,1.0514637211635741e-14,2.286556275545833e-16,3.475665818934841e-13,6.5340989147041e-23,2.6846587307871768e-14,1.3416677082047206e-11,606,670,6.665612011276794e-12,6.751065070770412e-12,0.9044776119402985,0.06665612011276793,1.0999359754582169e-14,1.0076216523537928e-14,182,259,0.49764890282131663,3.3212785011122317,489,2.609406952965235,0.0,1.0,2,exchange
1278,435,7.940302176140143e-10,2.0200181248967724e-15,9.52518e-07,3.3013219243917887e-18,2.6673622820368294e-08,1.0147706181107101e-06,659,619,1.0147513108330872e-06,1.9307277622911366e-11,1.0646203554119547,10147.513108330872,1.5398350695494495e-09,3.119107855074534e-14,386,83,0.4154929577464789,3.3219210158735244,57,22.42105263157895,0.0,1.0,2,exchange
1250,236,1.2468840962223865e-14,2.0123211545e-15,6.43303769204145e-12,0.0,1.8259296009980873e-13,1.558605120277983e-11,626,624,1.0787024080430524e-11,4.7990271223493065e-12,1.0032051282051282,0.10787024080430524,1.7231667860112658e-14,7.690748593508504e-15,178,82,0.3544,3.3219280934446673,20,62.5,0.0,0.9648,2,exchange
1218,171,4.8804717315672555e-17,7.146607062715596e-18,2.9739132616749707e-15,3.54882978386552e-22,1.5433104918821287e-16,5.944414569048917e-14,591,627,2.97823981164669e-14,2.9661747574022265e-14,0.9425837320574163,0.00029782398116466895,5.0393228623463446e-17,4.7307412398759597e-17,98,130,0.3522167487684729,3.321920300797111,1111,1.0963096309630964,0.0,1.0,2,exchange
1381,460,1.0361304191557047e-14,4.4789637157223765e-17,2.096409754661e-12,8.9626901612e-24,7.04379328304637e-14,1.4308961088540283e-11,686,695,6.506645116788647e-12,7.802315971751636e-12,0.9870503597122302,0.06506645116788647,9.484905418059252e-15,1.1226353916189404e-14,248,234,0.5423606082548877,3.3219171257476963,1589,0.8691000629326621,0.0,1.0,2,exchange
1504,324,3.546131156791016e-11,1.663121325e-16,5.1029710961869473e-08,0.0,1.3161956521533055e-09,5.3333812598136894e-08,777,727,5.2926725017574924e-08,4.0708758056196693e-10,1.0687757909215956,130.01311645153078,6.811676321438214e-11,5.599554065501608e-13,221,135,0.5452127659574468,3.3217029824199784,1048,1.4351145038167938,0.0,0.9993351063829787,2,exchange
1186,570,1.070068001187377e-18,2.1584248847756592e-19,4.044693635992155e-17,4.2819272071900004e-24,2.812740622229525e-18,1.2691006494082292e-15,556,630,5.900419490551052e-16,6.79058700353124e-16,0.8825396825396825,5.900419490551052e-06,1.0612265270775275e-18,1.0778709529414666e-18,221,380,0.4325463743676223,3.321915778515905,259,4.579150579150579,0.0,1.0,2,exchange
1268,514,1.463039434131264e-14,2.242946086610027e-16,4e-12,4.47396365166417e-21,1.2072474215404808e-13,1.855134002478443e-11,647,621,1.2087692604310124e-11,6.463647420474305e-12,1.0418679549114331,0.12087692604310124,1.8682677904652433e-14,1.0408449952454597e-14,210,340,0.44952681388012616,3.3219029147501775,3,422.6666666666667,0.0,1.0,2,exchange
1241,350,1.7271000739670986e-15,1.65184659e-16,1.2575076414e-13,1.305e-21,7.392427363484122e-15,2.1433311917931694e-12,636,605,1.11951020315227e-12,1.0238209886408995e-12,1.0512396694214876,0.0111951020315227,1.760236168478412e-15,1.6922660969271066e-15,274,115,0.3182917002417405,3.3024987308099427,1,1241.0,0.0,1.0,2,exchange
1299,861,8.576880277344615e-12,4.90116892e-16,8.688753446309813e-09,1.8e-20,2.4267651632352157e-10,1.1141367480270657e-08,1293,6,1.1136726597566138e-08,4.640882704519435e-12,215.5,111.36726597566138,8.613090949393764e-12,7.734804507532391e-13,860,1,0.33102386451116245,3.320821470265523,1,1299.0,0.0,1.0,2,exchange
1187,264,5.781336996720852e-13,3.868561136699975e-16,2.4296472784668478e-11,2.0000000000000002e-36,1.8725157458102617e-12,6.862447015107652e-10,590,597,3.08419902800512e-10,3.778247987102532e-10,0.9882747068676717,0.8163040220052721,5.227455979669695e-13,6.328723596486653e-13,221,64,0.6166807076663858,3.321855785346398,227,5.229074889867841,0.0,1.0,2,exchange
1327,261,1.4129179245797801e-14,1.3417633990748686e-15,1.4999999999999997e-12,2.0526e-20,6.243680651636249e-14,1.874942085917368e-11,680,647,9.596814790279719e-12,9.152606068893961e-12,1.0510046367851622,0.09596814790279719,1.411296292688194e-14,1.4146222672169954e-14,203,97,0.30143180105501133,3.3219194823242164,124,10.701612903225806,0.0,1.0,2,exchange
1074,330,7.19629583501042e-11,1.202727618e-15,1.930536125438282e-08,2.681e-23,7.117338154852634e-10,7.728821726801191e-08,502,572,4.045508202632955e-08,3.6833135241682365e-08,0.8776223776223776,1.0983339257133993,8.058781280145329e-11,6.439359307986427e-11,217,153,0.6443202979515829,3.321913093857285,7,153.42857142857142,0.0,1.0,2,exchange
1345,446,1.116856087992266e-13,1.839683525335e-15,5.543603868979014e-12,1.0615683941220999e-23,3.774432364303524e-13,1.5021714383495977e-10,649,696,6.866560893120371e-11,8.155153490375604e-11,0.9324712643678161,0.686656089312037,1.0580217092635395e-13,1.171717455513736e-13,204,283,0.5449814126394052,3.321918124688267,59,22.796610169491526,0.0,1.0,2,exchange
1307,272,2.2644315599613093e-14,1.4699999999999999e-18,1.9471264935482663e-12,1.648005981348e-22,7.905010905071687e-14,2.9596120488694315e-11,643,664,1.6592006320322454e-11,1.3004114168371861e-11,0.9683734939759037,0.16592006320322453,2.5804053375307083e-14,1.9584509289716658e-14,225,89,0.38485080336648814,3.3197567344998875,21,62.23809523809524,0.0,1.0,2,exchange
1222,254,1.593314077535378e-14,2.9141746174999997e-15,5e-13,1e-22,3.6674601791080925e-14,1.947029802748232e-11,614,608,1.0046966744493424e-11,9.423331282988895e-12,1.0098684210526316,0.10046966744493423,1.6363138020347596e-14,1.5498900136494895e-14,153,148,0.427986906710311,3.321445940538319,1000,1.222,0.0,1.0,2,exchange
762,184,4.5795436794028644e-14,3.555362683420348e-16,1.727319604859658e-11,7.47473268902394e-22,6.354231203598259e-13,3.489612283704983e-11,222,540,3.1267660903151664e-11,3.6284619338981648e-12,0.4111111111111111,0.3126766090315166,1.4084531938356605e-13,6.7193739516632685e-15,138,59,0.6325459317585301,3.3218338540017887,888,0.8581081081081081,0.0,1.0,2,exchange
1285,63,5.76728784729937e-16,1.0511471117883154e-16,7e-14,1.96866116251159e-22,3.1137652282191522e-15,7.41096488377969e-13,662,623,4.905725950205269e-13,2.505238933574421e-13,1.0626003210272874,0.004905725950205268,7.41046216043092e-16,4.021250294661992e-16,34,46,0.9073929961089494,2.3778942966732313,153,8.398692810457517,0.0,1.0,2,exchange
1296,603,5.3024813242864294e-15,3.485417477320056e-16,3.5987019462685216e-13,1.7376208461819628e-20,1.9134583363485892e-14,6.872015796275214e-12,631,665,3.1459921250886158e-12,3.726023671186598e-12,0.9488721804511279,0.031459921250886154,4.985724445465318e-15,5.6030431145663125e-15,240,411,0.43364197530864196,3.314321450878583,6,216.0,0.0,1.0,2,exchange
1188,320,1.4186316073403302e-17,2.0473916689872366e-19,6.838019476217986e-15,1.3362308134e-26,2.4191799966075856e-16,1.685334349520312e-14,623,565,1.0762802783503041e-14,6.0905407117000785e-15,1.1026548672566372,0.0001076280278350304,1.7275766907709537e-17,1.0779718073805449e-17,232,123,0.5589225589225589,3.3219199019182084,133,8.93233082706767,0.0,1.0,2,exchange
1247,325,8.54065243741862e-15,1.6066423927862167e-16,5.275665779849518e-13,1.2755695659363e-23,3.045422625281552e-14,1.065019358946102e-11,628,619,4.9713897378453016e-12,5.678803851615718e-12,1.0145395799676897,0.04971389737845301,7.916225697205895e-15,9.174158080154634e-15,285,73,0.3993584603047314,3.321918341375552,309,4.035598705501618,0.0,1.0,2,exchange
1279,161,9.164803254381129e-15,3.091803977465128e-15,1.0586742275149998e-12,6.5e-21,4.4614299178370546e-14,1.1721783362353464e-11,651,628,6.14498192947533e-12,5.576801432878135e-12,1.036624203821656,0.0614498192947533,9.43929635864106e-15,8.880257058723144e-15,103,102,0.5238467552775606,3.321924116461565,262,4.8816793893129775,0.0,1.0,2,exchange
1238,330,3.344986081000724e-05,1.9575908579108525e-17,0.005309899001332668,0.0,0.00041437758035410506,0.04141092768278895,527,711,0.026109354781108467,0.015301572901680487,0.7412095639943741,1.7063183601367558,4.9543367706088176e-05,2.1521199580422626e-05,203,205,0.3675282714054927,3.3219111527144,2,619.0,0.0,0.9838449111470113,2,exchange
1282,148,4.4745563781746916e-15,1.9676561386874435e-15,4.826430790712238e-13,6.3218581264028105e-18,1.498254898180137e-14,5.736381276819955e-12,639,643,3.1601883722256346e-12,2.5761929045943205e-12,0.9937791601866252,0.03160188372225634,4.945521709273294e-15,4.0065208469585075e-15,125,49,0.7527301092043682,3.32192108191614,16,80.125,0.0,1.0,2,exchange
1262,257,8.30595686753563e-14,9.54331730828808e-16,3.305576e-12,2.6333559843779998e-24,2.686446906000289e-13,1.0482117566829964e-10,649,613,5.1317293349502477e-11,5.350388231879717e-11,1.0587275693311582,0.5131729334950248,7.907133027658316e-14,8.728202662120255e-14,168,116,0.6458003169572107,3.3219117851334414,14,90.14285714285714,0.0,1.0,2,exchange
1217,302,3.046687688076089e-15,1.5886189411253307e-15,2.68032392588e-13,5.1718285215110006e-24,9.0931698119259e-15,3.7078189163886e-12,634,583,1.8333478965139956e-12,1.8744710198746043e-12,1.0874785591766725,0.018333478965139954,2.8917159251009394e-15,3.215216157589373e-15,204,181,0.24404272801972063,3.321127328005494,110,11.063636363636364,0.0,1.0,2,exchange
1244,520,6.95270068767553e-18,4.984808759168445e-19,2.5e-15,0.0,1.077097386583933e-16,8.64915965546836e-15,628,616,7.500255561122167e-15,1.1489040943461937e-15,1.0194805194805194,7.500255561122166e-05,1.1943082103697717e-17,1.8651040492633014e-18,346,224,0.30144694533762056,3.3219169123704813,1733,0.7178303519907675,0.0,0.9935691318327974,2,exchange
1247,409,5.198016579739838e-15,3e-15,5.334764780308056e-14,4.53521e-19,6.610995673211247e-15,6.481926674935578e-12,665,582,3.2082778913307608e-12,3.2736487836048174e-12,1.1426116838487972,0.03208277891330761,4.824478032076332e-15,5.624826088668071e-15,170,293,0.40096230954290296,3.320894933880837,21,59.38095238095238,0.0,1.0,2,exchange
1255,389,4.389519236063012e-11,1e-16,1.3655000000000002e-08,4.123e-22,5.851074434724217e-10,5.50884664125908e-08,824,431,3.570090727563849e-08,1.9387559136952317e-08,1.911832946635731,1.8414338299860162,4.332634378111467e-11,4.49827358165947e-11,389,1,0.6884462151394423,3.319258811680683,53,23.67924528301887,0.0,1.0,2,exchange
1265,326,6.596194960603082e-17,4.698673919569192e-18,1.6e-15,1.0000000000000001e-21,1.5379177080860295e-16,8.344186625162898e-14,653,612,4.1444271295986713e-14,4.199759495564228e-14,1.0669934640522876,0.00041444271295986714,6.346749049921395e-17,6.862352116935013e-17,211,200,0.391304347826087,3.321267211418996,87,14.540229885057471,0.0,1.0,2,exchange
1263,544,4.97993903317366e-16,1e-17,3.6113374176056174e-14,8.77781887438717e-22,2.0632852971345836e-15,6.289662998898333e-13,631,632,2.9202169722123216e-13,3.369446026686012e-13,0.9984177215189873,0.0029202169722123213,4.627919131873727e-16,5.33140194095888e-16,325,241,0.4948535233570863,3.315745954422419,2,631.5,0.0,1.0,2,exchange
1305,347,1.2704112207040197e-15,4.594535250000001e-16,9.999999999999999e-14,1e-18,4.285750213726605e-15,1.6578866430187459e-12,661,644,9.24559501787146e-13,7.333271412315997e-13,1.0263975155279503,0.00924559501787146,1.3987284444586174e-15,1.1387067410428567e-15,287,94,0.41226053639846744,3.321917504209551,36,36.25,0.0,1.0,2,exchange
1272,508,1.178613863938133e-15,3.542382585e-16,3.5658786100999995e-14,0.0,2.837616264739743e-15,1.499196834929305e-12,691,581,7.927376906266777e-13,7.064591443026273e-13,1.189328743545611,0.007927376906266777,1.1472325479401992e-15,1.2159365650647631e-15,288,306,0.27358490566037735,3.3219209713255275,745,1.7073825503355704,0.0,0.9622641509433962,2,exchange
397,286,1.6365023548902409e-15,4.9442706e-16,8.16575e-14,0.0,5.112852912238335e-15,6.496914348914255e-13,357,40,5.536107145952246e-13,9.608072029620091e-14,8.925,0.005536107145952245,1.5507302929838224e-15,2.402018007405023e-15,261,35,0.24181360201511334,3.3218316536968757,892,0.44506726457399104,0.0,0.9874055415617129,2,exchange
1762,412,2.00086521522686e-09,2.070623887746486e-12,1.410224749852417e-07,9e-22,8.478383210406587e-09,3.5255245092297274e-06,496,1266,1.9948740868993952e-06,1.5306504223303324e-06,0.39178515007898895,1.303285229466247,4.021923562297168e-09,1.2090445674015263e-09,215,258,0.6748013620885358,3.3216645178227697,55,32.03636363636364,0.0,1.0,2,exchange
1252,345,2.2013226719332893e-11,2.4196037860026024e-12,6.968154449120634e-09,3.6000000001610565e-21,2.517662543078763e-10,2.7560559852604782e-08,1252,0,2.7560559852604782e-08,0.0,1252.0,275.6055985260478,2.2013226719332893e-11,0.0,345,0,0.6677316293929713,3.3219207421480177,55,22.763636363636362,0.0,1.0,2,exchange
1229,391,1.7233818921015624e-14,7.800086212143945e-16,7.98e-13,8.65568e-31,5.867241974967627e-14,2.1180363453928203e-11,478,751,7.026264579025694e-12,1.4154098874902508e-11,0.6364846870838882,0.07026264579025694,1.4699298282480532e-14,1.884700249654129e-14,168,268,0.580146460537022,3.321455891030654,1,1229.0,0.0,1.0,2,exchange
1246,381,1.0729492958954676e-14,6.910047627812438e-16,7.106082105812631e-13,0.0,3.9784744498483964e-14,1.3368948226857522e-11,627,619,5.3698825610551485e-12,7.999065665802374e-12,1.012924071082391,0.05369882561055148,8.56440599849306e-15,1.292256165719285e-14,229,220,0.26484751203852325,3.3219169362936225,901,1.3829078801331853,0.0,0.9991974317817014,2,exchange
23,21,5.916761043917632e-15,2e-18,5.724296012699999e-14,0.0,1.658891689350791e-14,1.3608550401010553e-13,17,6,7.711732663859553e-14,5.896817737150999e-14,2.8333333333333335,0.0007711732663859553,4.53631333168209e-15,9.82802956191833e-15,17,4,0.30434782608695654,3.261842389020671,3,7.666666666666667,0.0,0.9565217391304348,3,attacker
39,37,9.542534135158931e-08,1.679654e-18,3.680173147571227e-06,7.245800000000001e-31,5.891548591916696e-07,3.7215883127119833e-06,30,9,3.721588260361704e-06,5.2350279215e-14,3.3333333333333335,37215.88260361704,1.240529420120568e-07,5.816697690555556e-15,30,7,0.1794871794871795,3.286064564828859,30,1.3,0.0,0.9743589743589743,3,attacker
24,22,75980.60022375289,3.2586880000000003e-18,1823534.4053700694,1.0000000000000001e-36,372227.40179718396,1823534.4053700694,22,2,1823534.4053700694,5.339841784487313e-14,11.0,1.8235344053700692e+16,82887.92751682134,2.6699208922436564e-14,20,2,0.2916666666666667,3.292481248917883,3,8.0,0.041666666666666664,0.9583333333333334,3,attacker
37,34,1.0200227638792256e-10,1e-17,3.771153806701671e-09,0.0,6.199606583506634e-10,3.774084226353135e-09,26,11,3.774083586717125e-09,6.396360095934083e-16,2.3636363636363638,37.74083586717125,1.4515706102758174e-10,5.81487281448553e-17,25,9,0.21621621621621623,3.235952012601015,3,12.333333333333334,0.0,0.9459459459459459,3,attacker
42,25,2.5583963043216314e-09,4.205e-22,1.0745261860245845e-07,0.0,1.658029891403378e-08,1.0745264478150852e-07,25,17,1.074526390529801e-07,5.7285284230243045e-15,1.4705882352941178,1074.526390529801,4.298105562119204e-09,3.369722601779003e-16,21,5,0.47619047619047616,2.7725073058625322,4,10.5,0.0,0.7142857142857143,3,attacker
32,25,1.0435250090427524e-14,1.8692494597253953e-21,2.174709955619039e-13,0.0,4.0366080906325564e-14,3.3392800289368077e-13,21,11,2.760264838144578e-13,5.790151907922299e-14,1.9090909090909092,0.0027602648381445777,1.3144118276878943e-14,5.2637744617475446e-15,21,4,0.375,2.755369207726231,3,10.666666666666666,0.0,0.71875,3,attacker
31,26,3.413656202168941e-08,2.6888851e-17,4.6267828795910784e-07,1.0000000000000001e-36,1.1685647985907683e-07,1.058233422672372e-06,27,4,5.95555134337715e-07,4.6267828833465684e-07,6.75,1.2871905800493235,2.205759756806352e-08,1.1566957208366421e-07,25,1,0.3225806451612903,3.299866872971784,15,2.066666666666667,0.0,1.0,3,attacker
28,27,1.6027203122311398e-14,7.8986e-19,4.3047783039173994e-13,0.0,8.127616340785551e-14,4.487616874247191e-13,24,4,4.476112915147191e-13,1.1503959099999999e-15,6.0,0.004476112915147191,1.8650470479779963e-14,2.8759897749999997e-16,23,4,0.21428571428571427,3.305958491425347,18,1.5555555555555556,0.0,0.9642857142857143,3,attacker
51,42,2.6966129845553423e-14,6.411572e-16,2.4070296459367967e-13,0.0,5.827625977699907e-14,1.375272622123225e-12,38,13,3.0356340215756594e-13,1.0717092199656589e-12,2.923076923076923,0.0030356340215756594,7.98851058309384e-15,8.243917076658914e-14,32,12,0.23529411764705882,3.3034233345415256,29,1.7586206896551724,0.0,0.9607843137254902,3,attacker
9,6,6.037369555555556e-17,3.5417628000000003e-17,2.99866e-16,5.202e-21,9.489384528975065e-17,5.4336326e-16,5,4,1.72426382e-16,3.70936878e-16,1.25,1.72426382e-06,3.44852764e-17,9.27342195e-17,4,3,0.8888888888888888,2.725480555987981,66,0.13636363636363635,0.0,1.0,3,suspect
93,16,7.841563503044087e-16,3.152e-17,5.2828e-14,2.2451e-22,5.694188447790685e-15,7.292654057831001e-14,88,5,1.928427868412e-14,5.364226189419e-14,17.6,0.0001928427868412,2.1913953050136364e-16,1.0728452378838e-14,11,5,0.8817204301075269,3.2843128064092886,84,1.1071428571428572,0.0,1.0,3,suspect
22,21,1.1340931136363638e-17,2.72e-18,9.5e-17,0.0,2.2823659583185728e-17,2.49500485e-16,5,17,4.5283833000000003e-17,2.04216652e-16,0.29411764705882354,4.5283833e-07,9.0567666e-18,1.2012744235294118e-17,5,16,0.2727272727272727,2.867633889817056,43,0.5116279069767442,0.0,0.8636363636363636,3,suspect
8,5,2.6366680988348598e-15,1.495773395525705e-17,2.0391999999999995e-14,4.0000000000000004e-20,7.177514700893541e-15,2.1093344790678872e-14,7,1,2.108334479067887e-14,1e-17,7.0,0.0002108334479067887,3.0119063986684102e-15,1e-17,5,1,1.0,2.4056390613639493,883,0.009060022650056626,0.0,1.0,3,suspect
2,1,3.624630000000001e-15,3.624630000000001e-15,6.692140000000001e-15,5.5712e-16,4.338114244715093e-15,7.249260000000001e-15,2,0,7.249260000000001e-15,0.0,2.0,7.249260000000001e-05,3.624630000000001e-15,0.0,1,0,1.0,0.9999999997114609,17,0.11764705882352941,0.0,1.0,3,suspect
13,10,5.356480966590646e-09,2.989868436901881e-15,6.163417790231126e-08,2e-16,1.7053252246354737e-08,6.96342525656784e-08,7,6,6.163517908676944e-08,7.999073478908947e-09,1.1666666666666667,7.705289775032336,8.805025583824207e-09,1.3331789131514912e-09,6,6,0.6153846153846154,3.0269868320608615,972,0.013374485596707819,0.0,1.0,3,suspect
18,17,2.0692406648351446e-15,1.280615e-20,3e-14,3.5727e-31,7.0208652204790146e-15,3.7246331967032616e-14,11,7,3.718656415317289e-14,5.976781385972155e-17,1.5714285714285714,0.0003718656415317289,3.3805967411975358e-15,8.538259122817365e-18,10,7,0.3333333333333333,3.1279868055792495,215,0.08372093023255814,0.0,1.0,3,suspect
22,15,1.6916927950570305e-15,1.1803835e-18,3.644862344096786e-14,1.3989499999999998e-19,7.76409928947136e-15,3.721724149125468e-14,12,10,3.6599046084727414e-14,6.181954065272641e-16,1.2,0.00036599046084727414,3.049920507060618e-15,6.181954065272641e-17,10,6,0.5454545454545454,2.1499481947183288,51,0.43137254901960786,0.0,1.0,3,suspect
5,5,4.3134999999999995e-16,1.487525e-16,1.20725e-15,7.475e-20,5.452674147692064e-16,2.15675e-15,2,3,2.00725e-15,1.495e-16,0.6666666666666666,2.0072499999999998e-05,1.003625e-15,4.983333333333333e-17,2,3,1.0,2.3219280941660148,1838,0.002720348204570185,0.0,1.0,3,suspect
2,2,1.23551e-21,1.23551e-21,1.23551e-21,1.23551e-21,0.0,2.47102e-21,1,1,1.23551e-21,1.23551e-21,1.0,1.23551e-11,1.23551e-21,1.23551e-21,1,1,1.0,-0.0,1,2.0,0.0,1.0,3,suspect
15,6,8.111222800000001e-16,1e-15,1.7e-15,1e-22,6.273268413484338e-16,1.21668342e-14,8,7,6.8030000999999995e-15,5.363834100000001e-15,1.1428571428571428,6.8030001e-05,8.503750124999999e-16,7.662620142857144e-16,3,3,0.9333333333333333,2.7329145628252416,53,0.2830188679245283,0.0,1.0,3,suspect
2,2,2.413725e-16,2.413725e-16,4.34e-16,4.8745e-17,2.7241642298602337e-16,4.82745e-16,0,2,0.0,4.82745e-16,0.0,0.0,0.0,2.413725e-16,0,2,1.0,0.9999999997114609,1,2.0,0.0,1.0,3,suspect
5,4,2.6165971399999997e-17,1e-17,9.93e-17,0.0,4.183518298024092e-17,1.30829857e-16,3,2,1.20829857e-16,1e-17,1.5,1.20829857e-06,4.0276619e-17,5e-18,2,2,1.0,2.3219280941660148,172,0.029069767441860465,0.0,0.8,3,suspect
18,15,4.7571533035927037e-14,2.3710822801822047e-16,3.999666919963744e-13,1e-18,1.122162623617274e-13,8.562875946466866e-13,13,5,6.220841161646515e-13,2.342034784820351e-13,2.6,0.006220841161646515,4.785262432035781e-14,4.684069569640702e-14,10,5,0.4444444444444444,2.438743919391861,94,0.19148936170212766,0.0,1.0,3,suspect
2,2,5.66e-21,5.66e-21,1.0000000000000001e-20,1.32e-21,6.137686860699233e-21,1.132e-20,1,1,1.0000000000000001e-20,1.32e-21,1.0,1e-10,1.0000000000000001e-20,1.32e-21,1,1,1.0,0.9999999997114609,1,2.0,0.0,1.0,3,suspect
13,10,1.8281081226923077e-15,1.2030184199999998e-16,1.75e-14,0.0,4.807929100771954e-15,2.3765405595e-14,4,9,2.1501029546e-14,2.264376049e-15,0.4444444444444444,0.00021501029546000002,5.3752573865e-15,2.515973387777778e-16,3,7,0.6153846153846154,3.2389012551599357,49,0.2653061224489796,0.0,0.8461538461538461,3,suspect
9,9,9.435899777777776e-18,1e-18,7.791154899999999e-17,1.1549e-20,2.5680449176884546e-17,8.492309799999999e-17,8,1,8.491154899999999e-17,1.1549e-20,8.0,8.491154899999999e-07,1.0613943624999999e-17,1.1549e-20,8,1,0.5555555555555556,0.9864267282980339,58,0.15517241379310345,0.0,1.0,3,suspect
5,5,2.1308591628726407e-17,2.7000000000000003e-18,9.3734421e-17,9.999999999999999e-26,4.069140902726255e-17,1.0654295814363203e-16,4,1,1.2808537143632034e-17,9.3734421e-17,4.0,1.2808537143632032e-07,3.2021342859080085e-18,9.3734421e-17,4,1,1.0,2.3219280941660148,126,0.03968253968253968,0.0,1.0,3,suspect
5,5,2.060235613515822e-17,1e-18,1.000040743e-16,7.706375791102001e-21,4.438898946920478e-17,1.030117806757911e-16,4,1,1.030040743e-16,7.706375791102001e-21,4.0,1.030040743e-06,2.5751018575e-17,7.706375791102001e-21,4,1,1.0,1.37095059402186,15,0.3333333333333333,0.0,1.0,3,suspect
3,2,8.001166666666666e-14,1.2e-13,1.2e-13,3.5e-17,6.926182504333346e-14,2.40035e-13,3,0,2.40035e-13,0.0,3.0,0.00240035,8.001166666666666e-14,0.0,2,0,1.0,0.9182958337659504,1,3.0,0.0,1.0,3,related
374,110,1.238418066709264e+53,2.58056141471e-14,1.157920892373162e+55,0.0,1.1926679001589705e+54,4.631683569492648e+55,208,166,4.631683569492648e+55,0.01000000101603487,1.2530120481927711,4.631683098897495e+57,2.2267709468714652e+53,6.024096997611367e-05,48,72,0.5508021390374331,2.3582852733728368,3739,0.10002674511901578,0.0106951871657754,0.9598930481283422,3,exchange
158,30,1.0567450849348568e-15,1.958051755312063e-18,1.75e-14,0.0,3.0686572390927687e-15,1.6696572341970739e-13,51,107,7.912761795399999e-14,8.783810546570738e-14,0.4766355140186916,0.0007912761795399999,1.5515219206666666e-15,8.209168735112839e-16,14,17,0.740506329113924,3.0215997876418927,165,0.9575757575757575,0.0,0.8734177215189873,3,mixer
8,7,5.4302411274134296e-14,5.4302587737501366e-14,1.0860462962153445e-13,0.0,5.361989495066346e-14,4.344192901930743e-13,3,5,2.1720980509653716e-13,2.1720948509653716e-13,0.6,0.0021720980509653716,7.240326836551238e-14,4.3441897019307435e-14,3,5,0.75,2.4999999991343826,1,8.0,0.0,0.75,3,suspect
11,7,2.6026065864545452e-16,6e-18,1e-15,0.0,3.75268007133524e-16,2.8628672451e-15,3,8,1.1e-17,2.8518672451e-15,0.375,1.0999999999999999e-07,3.6666666666666664e-18,3.564834056375e-16,3,4,0.8181818181818182,3.277613435376421,260,0.04230769230769231,0.0,0.9090909090909091,3,suspect
23,15,2.0948432793478263e-15,1.264539e-15,6.724399393e-15,1.0000000000000001e-20,2.2031810313059354e-15,4.8181395424999997e-14,9,14,2.6241478148e-14,2.1939917277e-14,0.6428571428571429,0.00026241478148,2.9157197942222222e-15,1.567136948357143e-15,4,11,0.5652173913043478,3.2946635847669086,138,0.16666666666666666,0.0,1.0,3,suspect
23,17,1.1288050243926085e-15,1.97e-16,6.368503225e-15,1e-18,1.916494012480784e-15,2.596251556103e-14,17,6,1.5079224618029998e-14,1.0883290943e-14,2.8333333333333335,0.00015079224618029998,8.87013212825294e-16,1.8138818238333334e-15,13,4,0.4782608695652174,2.820898500175458,1086,0.02117863720073665,0.0,1.0,3,suspect
5,5,1.28614486233e-15,3.0179421165e-16,3.87623e-15,1e-22,1.7253914783749934e-15,6.43072431165e-15,4,1,6.1289301e-15,3.0179421165e-16,4.0,6.128930099999999e-05,1.532232525e-15,3.0179421165e-16,4,1,1.0,2.3219280941660148,971,0.005149330587023687,0.0,1.0,3,suspect
4,4,4.3994000000000005e-15,3.88e-17,1.75e-14,2e-17,8.733737829818343e-15,1.7597600000000002e-14,3,1,1.75588e-14,3.88e-17,3.0,0.00017558800000000001,5.852933333333334e-15,3.88e-17,3,1,1.0,1.4999999995671913,26,0.15384615384615385,0.0,1.0,3,suspect
7,6,1.1699062512593858e-17,7e-18,5e-17,5.88157003206e-25,1.7505293492444492e-17,8.1893437588157e-17,1,6,5.88157003206e-25,8.1893437e-17,0.16666666666666666,5.8815700320600004e-15,5.88157003206e-25,1.3648906166666666e-17,1,5,0.8571428571428571,2.8073549210477173,52,0.1346153846153846,0.0,1.0,3,suspect
22,13,9.670655279090908e-16,1.7500000000000003e-22,1.0714005999999999e-14,0.0,2.6666489771044528e-15,2.1275441613999995e-14,9,13,1.0714009363999998e-14,1.0561432249999999e-14,0.6923076923076923,0.00010714009363999998,1.1904454848888886e-15,8.124178653846153e-16,5,10,0.6363636363636364,2.5884652785942217,78,0.28205128205128205,0.0,0.6818181818181818,3,suspect
16,15,4.700798601080015e-16,5.8500000000000005e-18,2.201e-15,0.0,7.334776776965569e-16,7.521277761728023e-15,9,7,3.991058337032609e-15,3.5302194246954134e-15,1.2857142857142858,3.991058337032609e-05,4.4345092633695655e-16,5.043170606707734e-16,9,6,0.375,3.249999998557305,30,0.5333333333333333,0.0,0.9375,3,suspect
13,10,1.5627081857219054e-14,5.853753178684932e-21,2.03e-13,1.0000000000000001e-36,5.629856158902816e-14,2.0315206414384772e-13,4,9,2.0307668661038188e-13,7.537753346583324e-17,0.4444444444444444,0.0020307668661038187,5.076917165259547e-14,8.375281496203693e-18,4,6,0.6153846153846154,2.4996981421745277,353,0.036827195467422094,0.0,1.0,3,suspect
11,9,1.0499106330909091e-15,5.71e-22,1.1549e-14,0.0,3.482154007045384e-15,1.1549016964e-14,9,2,1.1549014680000001e-14,2.284e-21,4.5,0.0001154901468,1.2832238533333334e-15,1.142e-21,8,2,0.6363636363636364,2.2221915746410614,2,5.5,0.0,0.9090909090909091,3,suspect
5,5,5.43171844e-16,3.5e-17,2.64485922e-15,0.0,1.175005641799988e-15,2.7158592199999997e-15,2,3,2.6458592199999997e-15,7e-17,0.6666666666666666,2.6458592199999996e-05,1.3229296099999999e-15,2.3333333333333336e-17,2,3,1.0,1.9219280943102843,96,0.052083333333333336,0.0,0.8,3,suspect
10,9,1.7921410183019684e-15,5.381004641381881e-19,1.75e-14,4.39372566527308e-22,5.5206892992723306e-15,1.792141018301968e-14,7,3,1.79212712145819e-14,1.3896843778027718e-19,2.3333333333333335,0.000179212712145819,2.5601816020831287e-15,4.632281259342573e-20,6,3,0.6,3.3219280934446673,32,0.3125,0.0,1.0,3,suspect
2,2,5e-18,5e-18,5e-18,5e-18,0.0,1e-17,1,1,5e-18,5e-18,1.0,5.0000000000000004e-08,5e-18,5e-18,1,1,1.0,-0.0,10,0.2,0.0,1.0,3,suspect
26,18,1.5161854264153844e-14,1.5500000000000003e-14,2.6612e-14,0.0,9.949806051530055e-15,3.94208210868e-13,6,20,5.863602401e-14,3.35572186858e-13,0.3,0.0005863602401000001,9.772670668333334e-15,1.67786093429e-14,3,16,0.5,2.954898255871353,291,0.08934707903780069,0.0,0.9230769230769231,3,suspect
11,11,8.085797431806672e-14,4.497498733866387e-18,8.88888e-13,0.0,2.679932825893911e-13,8.894377174987339e-13,8,3,8.8891516e-13,5.225574987338664e-16,2.6666666666666665,0.0088891516,1.11114395e-13,1.7418583291128882e-16,8,3,0.45454545454545453,3.277613435376421,2359,0.0046629927935565915,0.0,0.9090909090909091,3,suspect
10,10,4.9510991589421603e-11,1.366314e-16,4.853841425925e-10,4e-18,1.5316352677630598e-10,4.95109915894216e-10,4,6,4.902427785353001e-10,4.867137358916e-12,0.6666666666666666,4.902427785353001,1.2256069463382501e-10,8.111895598193334e-13,4,6,0.5,3.3219280934446673,618,0.016181229773462782,0.0,1.0,3,suspect
4,4,7.57982249349698e-18,7.3625e-18,1.559428987398792e-17,9.999999999999999e-26,8.756815736751784e-18,3.031928997398792e-17,1,3,1.4720000000000002e-17,1.5599289973987917e-17,0.3333333333333333,1.4720000000000002e-07,1.4720000000000002e-17,5.199763324662639e-18,1,3,1.0,1.9999999994229218,46,0.08695652173913043,0.0,1.0,3,suspect
16,9,1.4677787915986802e-16,5.457047311716602e-19,1.322987591e-15,1.0000000000000001e-36,4.0049973431331586e-16,2.348446066557888e-15,8,8,1.0243625838442459e-15,1.3240834827136422e-15,1.0,1.0243625838442459e-05,1.2804532298053073e-16,1.6551043533920528e-16,5,5,0.75,3.0778195298163578,150,0.10666666666666667,0.0,1.0,3,suspect
343,113,0.00011661807580873071,5e-15,0.02,0.0,0.0015249727032044312,0.04000000000239463,62,281,2.10834626329848e-13,0.040000000002183796,0.2206405693950178,5.270865657958438e-12,3.4005584891910966e-15,0.0001423487544561701,41,88,0.3323615160349854,2.887808388430174,134,2.5597014925373136,0.0,0.9037900874635568,3,exchange
25,22,8.133006063560649e-14,1e-18,2e-12,0.0,3.9974048062766235e-13,2.0332515158901627e-12,15,10,2.027902382152803e-12,5.34913373736e-15,1.5,0.020279023821528026,1.3519349214352018e-13,5.34913373736e-16,13,10,0.32,3.0986885691526718,227,0.11013215859030837,0.0,0.96,3,mixer
2,1,1.75e-17,1.75e-17,1.75e-17,1.75e-17,0.0,3.5e-17,2,0,3.5e-17,0.0,2.0,3.5e-07,1.75e-17,0.0,1,0,1.0,-0.0,1,2.0,0.0,1.0,3,related
3,2,3.0583243803333335e-15,1.1626935840000002e-15,8.012279457e-15,1e-22,4.329459228432298e-15,9.174973141e-15,3,0,9.174973141e-15,0.0,3.0,9.174973141000001e-05,3.0583243803333335e-15,0.0,2,0,1.0,1.5849625002883474,5,0.6,0.0,1.0,3,related
13,12,1.5873987889287897e-12,2.315e-15,2.0612269315555136e-11,0.0,5.716262580617913e-12,2.0636184256074273e-11,5,8,2.0619099256067138e-11,1.7085000007135e-14,0.625,0.20619099256067136,4.123819851213428e-12,2.135625000891875e-15,5,7,0.46153846153846156,2.469670486506244,136,0.09558823529411764,0.0,0.9230769230769231,3,suspect
47,25,9.844240775127042e-09,2.74441498e-16,4.6267828795910784e-07,0.0,6.74885612781933e-08,4.6267931643097107e-07,32,15,4.626787871714172e-07,5.292595538917579e-13,2.1333333333333333,4626.787871714172,1.4458712099106787e-08,3.528397025945053e-14,20,7,0.46808510638297873,3.3148551625528633,27,1.7407407407407407,0.0,0.9787234042553191,3,mixer
10,4,1.0418995582274736e-17,9.15e-20,1.0155167765418638e-16,3.2e-21,3.202651209996487e-17,1.0418995582274736e-16,3,7,1.0377685582274736e-16,4.131e-19,0.42857142857142855,1.0377685582274736e-06,3.459228527424912e-17,5.901428571428571e-20,3,1,1.0,3.3219280934446673,237,0.04219409282700422,0.0,1.0,3,suspect
8,5,4.0371597897869176e-13,1.0740267235289464e-18,2e-12,1.6270018121051554e-20,7.561925039293796e-13,3.229727831829534e-12,5,3,2.090188802554447e-12,1.1395390292750872e-12,1.6666666666666667,0.02090188802554447,4.180377605108894e-13,3.798463430916957e-13,3,2,1.0,2.4999999991343826,4,2.0,0.0,1.0,3,suspect
15,10,4.864037401483748e-08,5.204976762804296e-09,4.6267828795910784e-07,1e-18,1.1929757493647812e-07,7.296056102225622e-07,13,2,2.2989483858685272e-07,4.997107716357095e-07,6.5,0.4600557995464758,1.7684218352834825e-08,2.4985538581785476e-07,8,2,0.6666666666666666,2.4729055943101694,74,0.20270270270270271,0.0,1.0,3,suspect
15,15,1.3630762267213141e-17,1e-18,8.7e-17,5.5040985733e-24,2.5738656403826325e-17,2.044614340081971e-16,13,2,2.0278177450409853e-16,1.6796595040985732e-18,6.5,2.027817745040985e-06,1.559859803877681e-17,8.398297520492866e-19,13,2,0.3333333333333333,2.1967916311160196,264,0.056818181818181816,0.0,1.0,3,suspect
27,16,1.2195496607044442e-15,4.5583e-16,1.5629738856e-14,0.0,3.0106397945398606e-15,3.292784083902e-14,14,13,1.1981244308999999e-14,2.094659653002e-14,1.0769230769230769,0.00011981244308999998,8.558031649285714e-16,1.6112766561553846e-15,7,10,0.5925925925925926,3.0776944447485883,419,0.06443914081145585,0.0,0.8148148148148148,3,mixer
39,19,5.153055982904335e-14,1.14065966e-16,2e-12,0.0,3.202157272291047e-13,2.0096918333326903e-12,14,25,2.0050211632575473e-12,4.670670075143068e-15,0.56,0.020050211632575473,1.432157973755391e-13,1.868268030057227e-16,9,10,0.5641025641025641,3.269269128109536,43,0.9069767441860465,0.0,0.9743589743589743,3,mixer
4163,4163,3e-18,3e-18,3e-18,3e-18,0.0,1.2489e-14,0,4163,0.0,1.2489e-14,0.0,0.0,0.0,3e-18,0,4163,0.0012010569300984868,-0.0,1,4163.0,0.0,1.0,3,exchange
120,88,1.2407257577660686e-08,5.5e-18,7.195748946911391e-07,0.0,8.928019288440988e-08,1.4888709093192824e-06,61,59,6.617157009670648e-07,8.271552083522177e-07,1.0338983050847457,0.7999897652645792,1.0847798376509258e-08,1.401957980257996e-08,56,32,0.21666666666666667,3.111829204864325,197,0.6091370558375635,0.0,0.9916666666666667,3,exchange
28,18,1.7386385510929439e-16,5.045407055382698e-17,1e-15,9.6041497835215e-23,2.8052512233031384e-16,4.8681879430602434e-15,16,12,3.263068028306557e-15,1.6051199147536864e-15,1.3333333333333333,3.263068028306557e-05,2.039417517691598e-16,1.3375999289614054e-16,9,10,0.5357142857142857,3.261490187931185,710,0.03943661971830986,0.0,1.0,3,mixer
29,22,8.855622241053258e-15,1.4720000000000002e-17,6.386882e-14,0.0,1.6174187889621067e-14,2.5681304499054447e-13,10,19,7.3313133835e-14,1.8349991115554449e-13,0.5263157894736842,0.00073313133835,7.3313133835e-15,9.65789006081813e-15,10,12,0.3793103448275862,3.151638115913704,501,0.05788423153692615,0.0,0.9655172413793104,3,mixer
53,40,4.241969787641509e-16,5e-19,1.4e-14,0.0,1.947747268430426e-15,2.24824398745e-14,7,46,2.9720000000000005e-17,2.24527198745e-14,0.15217391304347827,2.9720000000000004e-07,4.245714285714286e-18,4.881026059673913e-16,7,33,0.2830188679245283,3.2787419177841954,104,0.5096153846153846,0.0,0.9056603773584906,3,mixer
27,24,1.0038943892592592e-16,2.584e-17,1.4451386379999999e-15,0.0,2.730198714319416e-16,2.710514851e-15,5,22,1.4574048509999998e-15,1.2531100000000002e-15,0.22727272727272727,1.4574048509999997e-05,2.914809702e-16,5.695954545454546e-17,4,20,0.2962962962962963,3.0278804459357587,69,0.391304347826087,0.0,0.9629629629629629,3,mixer
352,82,3.405926536643061e-11,4.93982548e-16,1.1956747893750265e-08,0.0,6.372941908983276e-10,1.1988861408983575e-08,200,152,1.1988725994345715e-08,1.3541463786e-13,1.3157894736842106,119.88725994345715,5.994362997172857e-11,8.908857753947369e-16,25,62,0.6335227272727273,3.3214873677556533,191,1.8429319371727748,0.0,0.9801136363636364,3,exchange
26,22,1.2192579526147864e-08,4.76646424e-16,1.609996470921508e-07,0.0,4.307743836202309e-08,3.1700706767984453e-07,17,9,1.6100100794216483e-07,1.5600605973767967e-07,1.8888888888888888,1.0320176550377853,9.470647526009696e-09,1.7334006637519963e-08,16,7,0.34615384615384615,2.6433649687037044,346,0.07514450867052024,0.0,0.9615384615384616,3,mixer
4186,4186,2.0000000000000005e-18,2e-18,2e-18,2e-18,3.8523200596008885e-34,8.372000000000003e-15,0,4186,0.0,8.372000000000003e-15,0.0,0.0,0.0,2.0000000000000005e-18,0,4186,0.0011944577161968467,-0.0,4,1046.5,0.0,1.0,3,exchange
4732,3054,0.15435501588451983,9.93832305e-17,720.9362283795338,0.0,10.480745690488192,730.4079351655479,1648,3084,1.4185078001632073e-10,730.407935165406,0.5343709468223087,1.9420761082530906e-13,8.607450243708783e-14,0.2368378518694572,838,2345,0.16229923922231615,3.3219275782259565,674,7.0207715133531154,0.0,0.9987320371935756,3,exchange
447,94,4.780246086331096e-15,1e-16,2e-12,0.0,9.45875650018793e-14,2.1367700005900003e-12,96,351,2.073958568146e-12,6.2811432444e-14,0.27350427350427353,0.02073958568146,2.1603735084854168e-14,1.78949949982906e-16,25,73,0.41834451901565994,3.2359641686337035,239,1.8702928870292888,0.0,0.9552572706935123,3,exchange
38,16,7.929787976842106e-16,8.500000000000001e-21,7.03e-15,0.0,1.82886168717625e-15,3.0133194312e-14,21,17,8.879694312000001e-15,2.1253500000000002e-14,1.2352941176470589,8.879694312e-05,4.2284258628571436e-16,1.2502058823529413e-15,9,8,0.6842105263157895,2.627726685571091,61,0.6229508196721312,0.0,0.868421052631579,3,mixer
49,19,4.1426368317888886e-14,1.32e-19,2.0273239999999998e-12,0.0,2.89610089756346e-13,2.0298920475765554e-12,24,25,2.0290479453464072e-12,8.441022301479716e-16,0.96,0.020290479453464072,8.454366438943364e-14,3.3764089205918865e-17,13,12,0.5714285714285714,3.109051509645668,287,0.17073170731707318,0.0,0.8775510204081632,3,mixer
130,77,2.475154691307692e-16,1.096e-17,5.436439628e-15,0.0,8.834211888900814e-16,3.2177010987e-14,37,93,1.50285207e-14,1.7148490287e-14,0.3978494623655914,0.00015028520700000002,4.061762351351352e-16,1.8439236867741937e-16,28,55,0.3153846153846154,3.3094186229825393,400,0.325,0.0,0.9461538461538461,3,exchange
24,18,8.028243921725465e-16,9.193985766022151e-18,1.75e-14,2.3537740413696112e-20,3.5585049398541014e-15,1.926778541214112e-14,12,12,1.8426848578392225e-14,8.40936833748893e-16,1.0,0.00018426848578392225,1.5355707148660188e-15,7.007806947907442e-17,10,11,0.4583333333333333,3.292481248917883,1759,0.013644115974985787,0.0,1.0,3,mixer
41,32,1.0778190243902439e-15,2e-18,7.468e-15,0.0,1.796085480430713e-15,4.4190579999999996e-14,16,25,2.5950569999999998e-14,1.824001e-14,0.64,0.00025950569999999996,1.6219106249999998e-15,7.296004000000001e-16,9,23,0.34146341463414637,2.4831277041482935,74,0.5540540540540541,0.0,0.9024390243902439,3,mixer
31,20,1.6625764006127252e-15,9e-18,1.75e-14,4.34e-20,4.19220500300186e-15,5.153986841899448e-14,22,9,2.6996096406006893e-14,2.4543772012987586e-14,2.4444444444444446,0.00026996096406006894,1.2270952911821316e-15,2.7270857792208428e-15,15,6,0.5161290322580645,2.9602112275360275,89,0.34831460674157305,0.0,1.0,3,mixer
144,49,9.705227875992085e-12,5e-15,5.267516177612487e-10,0.0,6.509528016492665e-11,1.39755281414286e-09,89,55,5.374029241562782e-10,8.601498899865819e-10,1.6181818181818182,0.6247782280884341,6.03823510287953e-12,1.5639088908846943e-11,39,21,0.5347222222222222,3.317508341438924,448,0.32142857142857145,0.0,0.9305555555555556,3,exchange
4603,3027,1.433740450138294e-16,9.119466e-18,5.724296012699999e-14,0.0,1.7240908331510596e-15,6.599507291986568e-13,4386,217,4.1012407288485965e-13,2.498266563137971e-13,20.211981566820278,0.004101240728848596,9.350754055742354e-17,1.151274913888466e-15,3026,1,0.25353030632196394,3.3191729983116014,157,29.318471337579616,0.0,0.9678470562676516,3,exchange
4021,2447,4.939672062850175e-09,1.947e-16,1.8398418937248108e-05,7.6e-35,2.909213691304437e-07,1.9862421364720555e-05,4021,0,1.9862421364720555e-05,0.0,4021.0,198624.21364720553,4.939672062850175e-09,0.0,2447,0,0.22158666998259138,3.321927692179816,104,38.66346153846154,0.0,0.9995026112907237,3,exchange
3923,654,5.11982874097948e-10,1.568164888325565e-16,1.7262146314059072e-06,0.0,2.7579893241181076e-08,2.0085088150862498e-06,2018,1905,1.819440481886683e-07,1.8265647668975816e-06,1.0593175853018373,0.09960996263915682,9.016057888437477e-11,9.588266492900692e-10,605,76,0.6436400713739485,3.321925235573677,3,1307.6666666666667,0.0,0.9974509304104002,3,exchange
4108,1351,1.7854177488266945e-09,7.34555e-18,7.095153839811e-06,0.0,1.107085658466718e-07,7.3344961121800615e-06,2010,2098,1.09696626017536e-07,7.224799486162525e-06,0.9580552907530981,0.015183345396316557,5.45754358296199e-11,3.443660384252872e-09,807,621,0.5133885102239533,3.321926554712351,46,89.30434782608695,0.0,0.999269717624148,3,exchange
1499,686,1.545975975934452e-14,1.7867403800036832e-16,3.307814864072691e-12,3.273e-33,1.1141193427413057e-13,2.3174179879257433e-11,1499,0,2.3174179879257433e-11,0.0,1499.0,0.2317417987925743,1.545975975934452e-14,0.0,686,0,0.4056037358238826,3.3219251990479925,165,9.084848484848484,0.0,1.0,3,exchange
4034,1434,1.8453949882255446e-14,1.0051000000000001e-18,1.0067373554790001e-12,0.0,6.907041709125155e-14,7.444323382501847e-11,2031,2003,3.686671687993164e-11,3.757651694508682e-11,1.0139790314528208,0.3686671687993164,1.8152002402723605e-14,1.8760118295100758e-14,1399,51,0.3443232523549826,3.3219252570982256,589,6.848896434634974,0.0,0.9977689638076351,3,exchange
40,23,1.2924754605231553e-15,5.7629534022e-17,9.28e-15,0.0,2.087119812566056e-15,5.169901842092621e-14,16,24,2.0317063466037087e-14,3.1381954954889124e-14,0.6666666666666666,0.00020317063466037086,1.269816466627318e-15,1.3075814564537134e-15,11,15,0.45,3.103701694758923,981,0.040774719673802244,0.0,0.875,3,mixer
107,80,5.397702097012602e-06,9.17379635492061e-13,0.0001938217198056179,1.0000000000000001e-21,3.0380663418164443e-05,0.0005775541243803483,60,47,0.00021098041841890533,0.00036657370596144303,1.2765957446808511,0.5755470591256665,3.5163403069817557e-06,7.799440552371128e-06,52,40,0.16822429906542055,3.3181328898490436,826,0.12953995157384987,0.0,0.9626168224299065,3,exchange
4065,2513,2.050999501778598e-15,3.28252431e-16,1e-13,0.0,4.307803879777167e-15,8.337312974730001e-12,2305,1760,4.1492215648620006e-12,4.188091409868e-12,1.3096590909090908,0.041492215648620004,1.800096123584382e-15,2.3795973919704546e-15,1588,1185,0.11980319803198032,3.3187108906180214,377,10.782493368700266,0.0,0.9992619926199262,3,exchange
4080,4080,1.0000000000000005e-18,1e-18,1e-18,1e-18,3.8523320172175974e-34,4.080000000000002e-15,0,4080,0.0,4.080000000000002e-15,0.0,0.0,0.0,1.0000000000000005e-18,0,4080,0.0012254901960784314,-0.0,2,2040.0,0.0,1.0,3,exchange
4177,4175,1.0000000000000003e-18,1e-18,1e-18,1e-18,1.9261605256444987e-34,4.1770000000000014e-15,0,4177,0.0,4.1770000000000014e-15,0.0,0.0,0.0,1.0000000000000003e-18,0,4175,0.0016758439071103662,-0.0,2,2088.5,0.0,1.0,3,exchange
35,28,9.303444040161988e-14,2e-17,2.9869795628263712e-12,9.999999999999999e-26,5.040478500065136e-13,3.256205414056696e-12,32,3,3.256205408056696e-12,6.0000000000000006e-21,10.666666666666666,0.032562054080566956,1.0175641900177175e-13,2.0000000000000002e-21,26,2,0.34285714285714286,3.282734715985395,87,0.40229885057471265,0.0,1.0,4,seized
2,1,2.0000000000000002e-21,2.0000000000000002e-21,2.0000000000000002e-21,2.0000000000000002e-21,0.0,4.0000000000000004e-21,2,0,4.0000000000000004e-21,0.0,2.0,4.0000000000000004e-11,2.0000000000000002e-21,0.0,1,0,1.0,-0.0,1,2.0,0.0,1.0,4,related
12,2,1.7444503238399998e-13,1.5e-13,2.99819999999e-13,9.9639999998e-14,7.847240970381336e-14,2.093340388608e-12,4,8,1.046670194304e-12,1.046670194304e-12,0.5,0.010466701943039999,2.61667548576e-13,1.30833774288e-13,1,1,1.0,2.188721874819519,1,12.0,0.0,1.0,5,attacker
9979,6248,2.9572296350588443e-12,8.49723499e-16,2.9205618203516495e-08,9e-24,2.9236308564089137e-10,2.95101945282522e-08,3444,6535,2.937131728148627e-08,1.3887724676592902e-10,0.527008416220352,211.4912123149318,8.528257050373482e-12,2.1251300193715228e-14,2164,4619,0.08527908608076962,3.3218999971039946,541,18.44547134935305,0.0,1.0,5,exchange
9938,2981,2.5835972496278937e-11,2.5897342e-17,5.141710481534149e-08,1.0000000000000001e-36,9.40745046678806e-10,2.5675789466802e-07,5380,4558,1.2844980756381033e-07,1.2830808710420968e-07,1.1803422553751646,1.0011045325575274,2.387542891520638e-11,2.8150084928523406e-11,2928,2293,0.1224592473334675,3.321927684322177,1569,6.3339706819630335,0.0,1.0,5,exchange
2,1,6.734235707477795e-18,6.734235707477795e-18,1.196847141495559e-17,1.5e-18,7.40232712617263e-18,1.346847141495559e-17,1,1,1.196847141495559e-17,1.5e-18,1.0,1.196847141495559e-07,1.196847141495559e-17,1.5e-18,1,1,1.0,0.9999999997114609,1,2.0,0.0,1.0,5,related
2,1,7.067155791708404e-21,7.067155791708404e-21,7.322868204481351e-21,6.811443378935456e-21,3.6163196221064926e-22,1.4134311583416808e-20,1,1,6.811443378935456e-21,7.322868204481351e-21,1.0,6.811443378935457e-11,6.811443378935456e-21,7.322868204481351e-21,1,1,1.0,0.9999999997114609,1,2.0,0.0,1.0,5,related
6,1,3.044691327966486e-17,4.847878814826456e-18,1.2852556486963457e-16,3.2699488602587685e-20,5.0994756089822956e-17,1.8268147967798917e-16,3,3,1.820368942295306e-16,6.445854484585616e-19,1.0,1.8203689422953061e-06,6.067896474317687e-17,2.1486181615285388e-19,1,1,1.0,2.584962499855539,1,6.0,0.0,1.0,5,related
26,1,2.7062162541769233e-16,6.634040799999999e-19,1.4845551100000001e-15,2.921e-23,4.383616993929289e-16,7.03616226086e-15,13,13,5.40001689344e-15,1.6361453674199999e-15,1.0,5.40001689344e-05,4.1538591488000003e-16,1.258573359553846e-16,1,1,1.0,3.295465677737597,2,13.0,0.0,1.0,5,related
2,1,2.582839841413682e-19,2.582839841413682e-19,5.135509246574905e-19,3.017043625245794e-21,3.6100196930338636e-19,5.165679682827364e-19,1,1,3.017043625245794e-21,5.135509246574905e-19,1.0,3.017043625245794e-11,3.017043625245794e-21,5.135509246574905e-19,1,1,1.0,0.9999999997114609,1,2.0,0.0,1.0,5,related
2,1,3.518193049640526e-16,3.518193049640526e-16,7.034098006567985e-16,2.288092713067393e-19,4.972240474101605e-16,7.036386099281052e-16,1,1,2.288092713067393e-19,7.034098006567985e-16,1.0,2.288092713067393e-09,2.288092713067393e-19,7.034098006567985e-16,1,1,1.0,0.9999999997114609,1,2.0,0.0,1.0,5,related
2,1,5.698604518070352e-18,5.698604518070352e-18,1.136431890007407e-17,3.289013606663409e-20,8.012530119561956e-18,1.1397209036140704e-17,1,1,1.136431890007407e-17,3.289013606663409e-20,1.0,1.136431890007407e-07,1.136431890007407e-17,3.289013606663409e-20,1,1,1.0,0.9999999997114609,1,2.0,0.0,1.0,5,related
2,1,2.288996040564597e-18,2.288996040564597e-18,4.574992081129194e-18,3e-21,3.232886604097649e-18,4.577992081129194e-18,1,1,4.574992081129194e-18,3e-21,1.0,4.574992081129194e-08,4.574992081129194e-18,3e-21,1,1,1.0,0.9999999997114609,1,2.0,0.0,1.0,5,related
3,1,6.893499472969382e-17,1.0338534199999999e-16,1.0338534199999999e-16,3.430018908150297e-20,5.966975181056206e-17,2.0680498418908148e-16,1,2,1.0338534199999999e-16,1.034196421890815e-16,0.5,1.03385342e-06,1.0338534199999999e-16,5.170982109454075e-17,1,1,1.0,0.9182958337659504,1,3.0,0.0,1.0,5,related
2,1,6.001644066567273e-17,6.001644066567273e-17,1.2e-16,3.288133134545379e-20,8.482956313001689e-17,1.2003288133134546e-16,1,1,3.288133134545379e-20,1.2e-16,1.0,3.288133134545379e-10,3.288133134545379e-20,1.2e-16,1,1,1.0,0.9999999997114609,1,2.0,0.0,1.0,5,related
2,1,2.4829159652396172e-16,2.4829159652396172e-16,4.964176567578296e-16,1.6553629009380267e-19,3.509032395609395e-16,4.9658319304792345e-16,1,1,4.964176567578296e-16,1.6553629009380267e-19,1.0,4.964176567578296e-06,4.964176567578296e-16,1.6553629009380267e-19,1,1,1.0,0.9999999997114609,1,2.0,0.0,1.0,5,related
2,1,4.30176727135e-14,4.30176727135e-14,4.3035345427e-14,4.3e-14,2.4992991115633496e-17,8.6035345427e-14,1,1,4.3e-14,4.3035345427e-14,1.0,0.00043,4.3e-14,4.3035345427e-14,1,1,1.0,0.9999999997114609,1,2.0,0.0,1.0,5,related
2,1,3.436992701526782e-16,3.436992701526782e-16,6.871759e-16,2.226403053563823e-19,4.857493082882859e-16,6.873985403053564e-16,1,1,2.226403053563823e-19,6.871759e-16,1.0,2.2264030535638227e-09,2.226403053563823e-19,6.871759e-16,1,1,1.0,0.9999999997114609,1,2.0,0.0,1.0,5,related
2,1,5.270700365577962e-19,5.270700365577962e-19,1.0521350479899643e-18,2.00502512562814e-21,7.425540602949564e-19,1.0541400731155924e-18,1,1,1.0521350479899643e-18,2.00502512562814e-21,1.0,1.0521350479899643e-08,1.0521350479899643e-18,2.00502512562814e-21,1,1,1.0,0.9999999997114609,1,2.0,0.0,1.0,5,related
2,1,5.6758472160671635e-18,5.6758472160671635e-18,1.1318804296067693e-17,3.289013606663409e-20,7.980346434426027e-18,1.1351694432134327e-17,1,1,1.1318804296067693e-17,3.289013606663409e-20,1.0,1.1318804296067692e-07,1.1318804296067693e-17,3.289013606663409e-20,1,1,1.0,0.9999999997114609,1,2.0,0.0,1.0,5,related
3,1,1.823439777320493e-17,2.7226596659807398e-17,2.7226596659807398e-17,2.5e-19,1.557494534335976e-17,5.4703193319614794e-17,1,2,2.7226596659807398e-17,2.74765966598074e-17,0.5,2.72265966598074e-07,2.7226596659807398e-17,1.37382983299037e-17,1,1,1.0,0.9182958337659504,1,3.0,0.0,1.0,5,related
2,1,1.4669545885863353e-15,1.4669545885863353e-15,2.932933024114944e-15,9.761530577265766e-19,2.0732065856710507e-15,2.9339091771726706e-15,1,1,2.932933024114944e-15,9.761530577265766e-19,1.0,2.932933024114944e-05,2.932933024114944e-15,9.761530577265766e-19,1,1,1.0,0.9999999997114609,1,2.0,0.0,1.0,5,related
2,1,3.2803228574754837e-16,3.2803228574754837e-16,6.558558522719969e-16,2.0871922309982716e-19,4.636125338443937e-16,6.560645714950967e-16,1,1,2.0871922309982716e-19,6.558558522719969e-16,1.0,2.0871922309982717e-09,2.0871922309982716e-19,6.558558522719969e-16,1,1,1.0,0.9999999997114609,1,2.0,0.0,1.0,5,related
2,1,2.564875009112182e-17,2.564875009112182e-17,5.1279351518500215e-17,1.8148663743427746e-20,3.624714415037773e-17,5.129750018224364e-17,1,1,5.1279351518500215e-17,1.8148663743427746e-20,1.0,5.127935151850021e-07,5.1279351518500215e-17,1.8148663743427746e-20,1,1,1.0,0.9999999997114609,1,2.0,0.0,1.0,5,related
2,1,1.55703594996e-16,1.55703594996e-16,3.11304191e-16,1.02998992e-19,2.2005247318219364e-16,3.11407189992e-16,1,1,3.11304191e-16,1.02998992e-19,1.0,3.11304191e-06,3.11304191e-16,1.02998992e-19,1,1,1.0,0.9999999997114609,1,2.0,0.0,1.0,5,related
2,1,1.532556213e-15,1.532556213e-15,3.064162426e-15,9.5e-19,2.1660182786394953e-15,3.065112426e-15,1,1,3.064162426e-15,9.5e-19,1.0,3.0641624259999996e-05,3.064162426e-15,9.5e-19,1,1,1.0,0.9999999997114609,1,2.0,0.0,1.0,5,related
2,1,1.2924558096580845e-15,1.2924558096580845e-15,2.5840575404738136e-15,8.540788423552003e-19,1.8266006849041676e-15,2.584911619316169e-15,1,1,2.5840575404738136e-15,8.540788423552003e-19,1.0,2.5840575404738136e-05,2.5840575404738136e-15,8.540788423552003e-19,1,1,1.0,0.9999999997114609,1,2.0,0.0,1.0,5,related
2,1,1.2612320238256205e-18,1.2612320238256205e-18,2.517464047651241e-18,5.0000000000000005e-21,1.7765803655815936e-18,2.522464047651241e-18,1,1,2.517464047651241e-18,5.0000000000000005e-21,1.0,2.517464047651241e-08,2.517464047651241e-18,5.0000000000000005e-21,1,1,1.0,0.9999999997114609,1,2.0,0.0,1.0,5,related
2,1,1.4873055264080346e-15,1.4873055264080346e-15,2.973635405391131e-15,9.756474249382657e-19,2.101987873018256e-15,2.974611052816069e-15,1,1,9.756474249382657e-19,2.973635405391131e-15,1.0,9.756474249382657e-09,9.756474249382657e-19,2.973635405391131e-15,1,1,1.0,0.9999999997114609,1,2.0,0.0,1.0,5,related
2,1,5.487605802768746e-18,5.487605802768746e-18,1.0955211605537493e-17,2.0000000000000002e-20,7.732362279985394e-18,1.0975211605537492e-17,1,1,1.0955211605537493e-17,2.0000000000000002e-20,1.0,1.0955211605537492e-07,1.0955211605537493e-17,2.0000000000000002e-20,1,1,1.0,0.9999999997114609,1,2.0,0.0,1.0,5,related
2,1,5.023262140172623e-18,5.023262140172623e-18,1e-17,4.652428034524536e-20,7.038170177743528e-18,1.0046524280345245e-17,1,1,4.652428034524536e-20,1e-17,1.0,4.6524280345245356e-10,4.652428034524536e-20,1e-17,1,1,1.0,0.9999999997114609,1,2.0,0.0,1.0,5,related
2,1,1.0905902087672591e-20,1.0905902087672591e-20,1.9011804175345182e-20,2.8e-21,1.1463476667654964e-20,2.1811804175345182e-20,1,1,1.9011804175345182e-20,2.8e-21,1.0,1.9011804175345182e-10,1.9011804175345182e-20,2.8e-21,1,1,1.0,0.9999999997114609,1,2.0,0.0,1.0,5,related
2,1,5.4746621132015135e-17,5.4746621132015135e-17,1.0945712299999999e-16,3.611926403027771e-20,7.737233374594274e-17,1.0949324226403027e-16,1,1,1.0945712299999999e-16,3.611926403027771e-20,1.0,1.09457123e-06,1.0945712299999999e-16,3.611926403027771e-20,1,1,1.0,0.9999999997114609,1,2.0,0.0,1.0,5,related
2,1,1.4157023338855783e-15,1.4157023338855783e-15,2.8304578525143303e-15,9.468152568263615e-19,2.000766441886963e-15,2.8314046677711565e-15,1,1,2.8304578525143303e-15,9.468152568263615e-19,1.0,2.8304578525143304e-05,2.8304578525143303e-15,9.468152568263615e-19,1,1,1.0,0.9999999997114609,1,2.0,0.0,1.0,5,related
2,1,1.9922820214672005e-16,1.9922820214672005e-16,3.9839063114e-16,6.577315344008547e-20,2.81658208197465e-16,3.984564042934401e-16,1,1,3.9839063114e-16,6.577315344008547e-20,1.0,3.9839063114e-06,3.9839063114e-16,6.577315344008547e-20,1,1,1.0,0.9999999997114609,1,2.0,0.0,1.0,5,related
2,1,5.733769568897239e-17,5.733769568897239e-17,1.14640135e-16,3.525637794478107e-20,8.103788683071643e-17,1.1467539137794477e-16,1,1,3.525637794478107e-20,1.14640135e-16,1.0,3.5256377944781073e-10,3.525637794478107e-20,1.14640135e-16,1,1,1.0,0.9999999997114609,1,2.0,0.0,1.0,5,related
2,1,3.3631642806143933e-15,3.3631642806143933e-15,6.724228561228787e-15,2.1e-18,4.753262689652645e-15,6.7263285612287866e-15,1,1,6.724228561228787e-15,2.1e-18,1.0,6.724228561228787e-05,6.724228561228787e-15,2.1e-18,1,1,1.0,0.9999999997114609,1,2.0,0.0,1.0,5,related
2,1,1.0435169354158104e-20,1.0435169354158104e-20,1.7870338708316208e-20,3e-21,1.0514917339191198e-20,2.087033870831621e-20,1,1,1.7870338708316208e-20,3e-21,1.0,1.7870338708316209e-10,1.7870338708316208e-20,3e-21,1,1,1.0,0.9999999997114609,1,2.0,0.0,1.0,5,related
2,1,3.4726696715995167e-16,3.4726696715995167e-16,6.943089184052933e-16,2.250159146100564e-19,4.907914341635846e-16,6.945339343199033e-16,1,1,6.943089184052933e-16,2.250159146100564e-19,1.0,6.943089184052932e-06,6.943089184052933e-16,2.250159146100564e-19,1,1,1.0,0.9999999997114609,1,2.0,0.0,1.0,5,related
2,1,1.4199191112278188e-15,1.4199191112278188e-15,2.838901247197303e-15,9.369752583345449e-19,2.006743781453188e-15,2.8398382224556376e-15,1,1,9.369752583345449e-19,2.838901247197303e-15,1.0,9.369752583345449e-09,9.369752583345449e-19,2.838901247197303e-15,1,1,1.0,0.9999999997114609,1,2.0,0.0,1.0,5,related
2,1,5.014759178636643e-18,5.014759178636643e-18,1e-17,2.951835727328495e-20,7.050195181268048e-18,1.0029518357273285e-17,1,1,1e-17,2.951835727328495e-20,1.0,1.0000000000000001e-07,1e-17,2.951835727328495e-20,1,1,1.0,0.9999999997114609,1,2.0,0.0,1.0,5,related
4,1,3.0492464472425716e-16,3.049257995e-16,6.09651599e-16,1.9538089702855158e-19,3.5186837816592293e-16,1.2196985788970286e-15,2,2,6.098469798970286e-16,6.09851599e-16,1.0,6.098469798970286e-06,3.049234899485143e-16,3.049257995e-16,1,1,1.0,1.4999999995671913,1,4.0,0.0,1.0,5,related
2,1,4.798445078851614e-16,4.798445078851614e-16,7.09689015770323e-16,2.5e-16,3.2504922028816514e-16,9.596890157703229e-16,1,1,7.09689015770323e-16,2.5e-16,1.0,7.096890157703229e-06,7.09689015770323e-16,2.5e-16,1,1,1.0,0.9999999997114609,1,2.0,0.0,1.0,5,related
4,1,1.2022764559822558e-17,1.2018854e-17,2.4047813e-17,5.537239290235546e-21,1.3873724828292636e-17,4.809105823929023e-17,2,2,2.4033245239290236e-17,2.4057813e-17,1.0,2.4033245239290236e-07,1.2016622619645118e-17,1.20289065e-17,1,1,1.0,1.9999999994229218,1,4.0,0.0,1.0,5,related
2,1,5.016514736610433e-16,5.016514736610433e-16,1.0029799473220866e-15,3.23e-19,7.089855266552504e-16,1.0033029473220866e-15,1,1,1.0029799473220866e-15,3.23e-19,1.0,1.0029799473220866e-05,1.0029799473220866e-15,3.23e-19,1,1,1.0,0.9999999997114609,1,2.0,0.0,1.0,5,related
2,1,2.5352378547980363e-17,2.5352378547980363e-17,5.0686923999999996e-17,1.7833095960731983e-20,3.582845777480378e-17,5.0704757095960725e-17,1,1,5.0686923999999996e-17,1.7833095960731983e-20,1.0,5.0686924e-07,5.0686923999999996e-17,1.7833095960731983e-20,1,1,1.0,0.9999999997114609,1,2.0,0.0,1.0,5,related
2,1,5.569061258121843e-16,5.569061258121843e-16,1.113446430335631e-15,3.6582128873752395e-19,7.870668466643107e-16,1.1138122516243686e-15,1,1,3.6582128873752395e-19,1.113446430335631e-15,1.0,3.6582128873752395e-09,3.6582128873752395e-19,1.113446430335631e-15,1,1,1.0,0.9999999997114609,1,2.0,0.0,1.0,5,related
2,1,1.032710325e-16,1.032710325e-16,1.0635565e-16,1.00186415e-16,4.36230790323339e-18,2.06542065e-16,1,1,1.00186415e-16,1.0635565e-16,1.0,1.0018641499999999e-06,1.00186415e-16,1.0635565e-16,1,1,1.0,0.9999999997114609,1,2.0,0.0,1.0,5,related
6,1,2.1813801068265675e-15,1.3096742427641012e-16,9.376770000000001e-15,4.22110552763819e-21,3.776306109273062e-15,1.3088280640959404e-14,3,3,1.2829599234e-14,2.586814069594047e-16,1.0,0.00012829599234,4.276533078e-15,8.62271356531349e-17,1,1,1.0,2.584962499855539,2,3.0,0.0,1.0,5,related
2,1,2.4461105622091196e-19,2.4461105622091196e-19,4.783042868754121e-19,1.0917825566411825e-20,3.30492136226378e-19,4.892221124418239e-19,1,1,1.0917825566411825e-20,4.783042868754121e-19,1.0,1.0917825566411825e-10,1.0917825566411825e-20,4.783042868754121e-19,1,1,1.0,0.9999999997114609,1,2.0,0.0,1.0,5,related
2,1,5.501152624629006e-18,5.501152624629006e-18,1.1e-17,2.3052492580110388e-21,7.776544535669357e-18,1.1002305249258011e-17,1,1,2.3052492580110388e-21,1.1e-17,1.0,2.3052492580110386e-11,2.3052492580110388e-21,1.1e-17,1,1,1.0,0.9999999997114609,1,2.0,0.0,1.0,5,related
4,1,1.4752849967607951e-16,1.47529489e-16,2.94958978e-16,9.604270431804683e-20,1.702380527018074e-16,5.901139987043181e-16,2,2,2.9505502070431806e-16,2.95058978e-16,1.0,2.9505502070431805e-06,1.4752751035215903e-16,1.47529489e-16,1,1,1.0,1.4999999995671913,1,4.0,0.0,1.0,5,related
2,1,1.2229929e-17,1.2229929e-17,2.4449858e-17,1.0000000000000001e-20,1.728158932303629e-17,2.4459858e-17,1,1,2.4449858e-17,1.0000000000000001e-20,1.0,2.4449858e-07,2.4449858e-17,1.0000000000000001e-20,1,1,1.0,0.9999999997114609,1,2.0,0.0,1.0,5,related
2,1,5.357270574477216e-17,5.357270574477216e-17,1.0710999499999999e-16,3.541648954432881e-20,7.571316055743458e-17,1.0714541148954432e-16,1,1,1.0710999499999999e-16,3.541648954432881e-20,1.0,1.0710999499999998e-06,1.0710999499999999e-16,3.541648954432881e-20,1,1,1.0,0.9999999997114609,1,2.0,0.0,1.0,5,related
2,1,1.580904265e-16,1.580904265e-16,3.16080853e-16,1.0000000000000001e-19,2.2343220388140964e-16,3.16180853e-16,1,1,3.16080853e-16,1.0000000000000001e-19,1.0,3.16080853e-06,3.16080853e-16,1.0000000000000001e-19,1,1,1.0,0.9999999997114609,1,2.0,0.0,1.0,5,related
6,1,1.7340359346489015e-16,1.9896449516703095e-16,3.13224245e-16,8.814385e-18,1.3721780392988079e-16,1.0404215607893409e-15,3,3,5.195917434552789e-16,5.20829817334062e-16,1.0,5.195917434552789e-06,1.731972478184263e-16,1.73609939111354e-16,1,1,1.0,2.584962499855539,1,6.0,0.0,1.0,5,related
2,1,1.201497415e-16,1.201497415e-16,2.4021848299999997e-16,8.1e-20,1.6980284264636925e-16,2.40299483e-16,1,1,2.4021848299999997e-16,8.1e-20,1.0,2.4021848299999994e-06,2.4021848299999997e-16,8.1e-20,1,1,1.0,0.9999999997114609,1,2.0,0.0,1.0,5,related
29,1,4.689779594899339e-16,9.040086966534841e-18,5.752791176941433e-15,9.617336004933334e-21,1.2976495681253274e-15,1.3600360825208086e-14,15,14,8.723860290465608e-15,4.876500534742478e-15,1.0714285714285714,8.723860290465608e-05,5.815906860310405e-16,3.483214667673199e-16,1,1,1.0,3.313360734392766,2,14.5,0.0,1.0,5,related
2,1,5.972104123178934e-16,5.972104123178934e-16,1.1940241982125197e-15,3.966264232669294e-19,8.440221502234132e-16,1.1944208246357867e-15,1,1,1.1940241982125197e-15,3.966264232669294e-19,1.0,1.1940241982125197e-05,1.1940241982125197e-15,3.966264232669294e-19,1,1,1.0,0.9999999997114609,1,2.0,0.0,1.0,5,related
2,1,5.937457369636247e-16,5.937457369636247e-16,1.1871028361455248e-15,3.886377817246219e-19,8.391336569934008e-16,1.1874914739272494e-15,1,1,1.1871028361455248e-15,3.886377817246219e-19,1.0,1.1871028361455247e-05,1.1871028361455248e-15,3.886377817246219e-19,1,1,1.0,0.9999999997114609,1,2.0,0.0,1.0,5,related
2,1,5.1560503826006694e-18,5.1560503826006694e-18,1.0307294e-17,4.8067652013379576e-21,7.284958586813977e-18,1.0312100765201339e-17,1,1,1.0307294e-17,4.8067652013379576e-21,1.0,1.0307294e-07,1.0307294e-17,4.8067652013379576e-21,1,1,1.0,0.9999999997114609,1,2.0,0.0,1.0,5,related
18,14,1.0056698629022678e-15,1e-18,1.0473108378503998e-14,0.0,2.736112773443184e-15,1.810205753224082e-14,13,5,1.6157758875274357e-14,1.9442986569664633e-15,2.6,0.00016157758875274357,1.2429045288672582e-15,3.8885973139329266e-16,12,3,0.5,2.522620308521135,91,0.1978021978021978,0.0,0.9444444444444444,6,attacker
2312,2140,0.00021763570303169928,7.990081069102104e-16,0.5031127721414067,1.3e-35,0.010463365764571336,0.5031737454092887,2312,0,0.5031737454092887,0.0,2312.0,5031737454.092887,0.00021763570303169928,0.0,2140,0,0.018598615916955018,3.3219259361288884,47,49.191489361702125,0.0,0.9978373702422145,6,exchange
3,3,1.6666666666666669e-18,0.0,5e-18,0.0,2.886751345948129e-18,5e-18,1,2,5e-18,0.0,0.5,5.0000000000000004e-08,5e-18,0.0,1,2,1.0,0.9182958337659504,36,0.08333333333333333,0.0,0.3333333333333333,6,related
9,6,5.770867561111111e-16,3.2711323e-17,2.9994e-15,1e-18,1.0124169526226232e-15,5.1937808050000004e-15,1,8,1.0164409999999999e-18,5.192764364e-15,0.125,1.0164409999999998e-08,1.0164409999999999e-18,6.490955455e-16,1,5,0.8888888888888888,3.169925000143887,120,0.075,0.0,1.0,6,suspect
6,4,5.177368801166668e-15,3.0224035349999997e-15,1.75e-14,1.0225686500000001e-16,6.464778479007726e-15,3.1064212807000006e-14,6,0,3.1064212807000006e-14,0.0,6.0,0.00031064212807000005,5.177368801166668e-15,0.0,4,0,1.0,2.584962499855539,978,0.006134969325153374,0.0,1.0,6,suspect
2442,2442,1.0000000000000003e-18,1e-18,1e-18,1e-18,1.9263244000891473e-34,2.4420000000000006e-15,0,2442,0.0,2.4420000000000006e-15,0.0,0.0,0.0,1.0000000000000003e-18,0,2442,0.0020475020475020475,-0.0,1,2442.0,0.0,1.0,6,suspect
2316,2316,1.0000000000000003e-18,1e-18,1e-18,1e-18,1.9263458670666094e-34,2.3160000000000006e-15,0,2316,0.0,2.3160000000000006e-15,0.0,0.0,0.0,1.0000000000000003e-18,0,2316,0.002158894645941278,-0.0,1,2316.0,0.0,1.0,6,suspect
2472,2472,1.0000000000000003e-18,1e-18,1e-18,1e-18,1.926319611552455e-34,2.4720000000000007e-15,0,2472,0.0,2.4720000000000007e-15,0.0,0.0,0.0,1.0000000000000003e-18,0,2472,0.0020226537216828477,-0.0,1,2472.0,0.0,1.0,6,suspect
2,1,8.069379437637179e-15,8.069379437637179e-15,1.0473108378503998e-14,5.665650496770359e-15,3.3993860684425718e-15,1.6138758875274358e-14,0,2,0.0,1.6138758875274358e-14,0.0,0.0,0.0,8.069379437637179e-15,0,1,1.0,0.9999999997114609,1,2.0,0.0,1.0,6,suspect
2426,1050,0.49977752188346647,3.6533134505001074e-17,1201.8509749999998,1.0000000000000001e-36,24.401726803285612,1212.4602680892897,1069,1357,3.3600411397086816e-10,1212.4602680889536,0.7877671333824613,2.7712587605074146e-13,3.14316289963394e-13,0.8934858276263475,499,696,0.35243198680956306,3.3218957225635406,1841,1.3177620858229224,0.00041220115416323167,0.9987633965375103,6,exchange
2456,725,0.0013006831869924475,2.802045151260544e-17,0.5762313196743195,0.0,0.026332289250823256,3.1944779072534515,1076,1380,1.578521746094547,1.6159561611589044,0.7797101449275362,0.9768345107595551,0.0014670276450692817,0.001170982725477467,407,451,0.23982084690553745,3.321925222549945,29,84.6896551724138,0.0,0.9955211726384365,6,exchange
2463,2463,1e-18,1e-18,1e-18,1e-18,0.0,2.4630000000000004e-15,0,2463,0.0,2.4630000000000004e-15,0.0,0.0,0.0,1e-18,0,2463,0.0020300446609825416,-0.0,2,1231.5,0.0,1.0,6,exchange
2353,2353,1.0000000000000003e-18,1e-18,1e-18,1e-18,1.926339324760525e-34,2.3530000000000006e-15,0,2353,0.0,2.3530000000000006e-15,0.0,0.0,0.0,1.0000000000000003e-18,0,2353,0.0021249468763280916,-0.0,1,2353.0,0.0,1.0,6,exchange
2356,2356,1.7485145161290324e-14,1.75e-14,1.75e-14,1e-18,5.097395831338975e-16,4.119500200000001e-11,2,2354,2e-18,4.1195000000000006e-11,0.0008496176720475786,2e-08,1e-18,1.75e-14,2,2354,0.0021222410865874364,-1.4426951601859516e-10,154,15.2987012987013,0.0,1.0,6,exchange
2359,2359,2.0000000000000005e-18,2e-18,2e-18,2e-18,3.852676566381184e-34,4.718000000000001e-15,0,2359,0.0,4.718000000000001e-15,0.0,0.0,0.0,2.0000000000000005e-18,0,2359,0.00211954217888936,-0.0,1,2359.0,0.0,1.0,6,exchange
2465,2464,1.0000000000000003e-18,1e-18,1e-18,1e-18,1.9263207184491627e-34,2.4650000000000004e-15,0,2465,0.0,2.4650000000000004e-15,0.0,0.0,0.0,1.0000000000000003e-18,0,2464,0.002434077079107505,-0.0,1,2465.0,0.0,1.0,6,exchange
2292,2292,2e-18,2e-18,2e-18,2e-18,0.0,4.584e-15,0,2292,0.0,4.584e-15,0.0,0.0,0.0,2e-18,0,2292,0.002181500872600349,-0.0,6,382.0,0.0,1.0,6,exchange
2379,2379,5.000000000000001e-18,5e-18,5e-18,5e-18,7.705339396988166e-34,1.1895000000000003e-14,0,2379,0.0,1.1895000000000003e-14,0.0,0.0,0.0,5.000000000000001e-18,0,2379,0.002101723413198823,-0.0,2,1189.5,0.0,1.0,6,exchange
2378,2378,1e-18,1e-18,1e-18,1e-18,0.0,2.3780000000000004e-15,0,2378,0.0,2.3780000000000004e-15,0.0,0.0,0.0,1e-18,0,2378,0.0021026072329688814,-0.0,1,2378.0,0.0,1.0,6,exchange
2409,2409,1e-18,1e-18,1e-18,1e-18,0.0,2.4090000000000003e-15,0,2409,0.0,2.4090000000000003e-15,0.0,0.0,0.0,1e-18,0,2409,0.0020755500207555004,-0.0,1,2409.0,0.0,1.0,6,exchange
2418,2418,1e-18,1e-18,1e-18,1e-18,0.0,2.4180000000000002e-15,0,2418,0.0,2.4180000000000002e-15,0.0,0.0,0.0,1e-18,0,2418,0.0020678246484698098,-0.0,1,2418.0,0.0,1.0,6,exchange
2266,2265,1e-18,1e-18,1e-18,1e-18,0.0,2.266e-15,0,2266,0.0,2.266e-15,0.0,0.0,0.0,1e-18,0,2265,0.00264783759929391,-0.0,1,2266.0,0.0,1.0,6,exchange
2331,2331,1.0000000000000003e-18,1e-18,1e-18,1e-18,1.926343189739999e-34,2.3310000000000006e-15,0,2331,0.0,2.3310000000000006e-15,0.0,0.0,0.0,1.0000000000000003e-18,0,2331,0.002145002145002145,-0.0,1,2331.0,0.0,1.0,6,exchange
2335,2335,1.0000000000000003e-18,1e-18,1e-18,1e-18,1.9263424815975767e-34,2.3350000000000007e-15,0,2335,0.0,2.3350000000000007e-15,0.0,0.0,0.0,1.0000000000000003e-18,0,2335,0.0021413276231263384,-0.0,1,2335.0,0.0,1.0,6,exchange
2421,2421,5.000000000000001e-18,5e-18,5e-18,5e-18,7.705311290793388e-34,1.2105000000000002e-14,0,2421,0.0,1.2105000000000002e-14,0.0,0.0,0.0,5.000000000000001e-18,0,2421,0.0020652622883106154,-0.0,2,1210.5,0.0,1.0,6,exchange
2419,2369,1.0000000000000003e-18,1e-18,1e-18,1e-18,1.9263281517613636e-34,2.4190000000000005e-15,3,2416,3.0000000000000002e-18,2.4160000000000006e-15,0.0012417218543046358,3.0000000000000004e-08,1e-18,1.0000000000000003e-18,3,2366,0.0045473336089293095,-0.0,84,28.797619047619047,0.0,1.0,6,exchange
13,12,2.1868919460477581e-13,1.5971733800000001e-18,2e-12,1e-18,5.576459118652592e-13,2.8429595298620852e-12,6,7,2.0175039999999997e-12,8.254555298620854e-13,0.8571428571428571,0.020175039999999995,3.362506666666666e-13,1.1792221855172647e-13,6,6,0.46153846153846156,2.0349409130906113,89,0.14606741573033707,0.0,1.0,7,attacker
2430,2430,1.0000000000000003e-18,1e-18,1e-18,1e-18,1.926326348619979e-34,2.4300000000000004e-15,0,2430,0.0,2.4300000000000004e-15,0.0,0.0,0.0,1.0000000000000003e-18,0,2430,0.00205761316872428,-0.0,1,2430.0,0.0,1.0,7,exchange
2409,1119,73.20844064003036,4.5e-18,176359.13341327987,0.0,3593.184818976761,176359.13350183313,1043,1366,176359.1334973048,4.528326188385826e-06,0.7635431918008785,38945766307.56585,169.08833508849935,3.3150264922297408e-09,237,948,0.2934827729348277,3.3218573795841206,684,3.5219298245614037,0.00041511000415110004,0.9954337899543378,7,exchange
2379,2379,1.7499999999999998e-14,1.75e-14,1.75e-14,1.75e-14,3.156107017006353e-30,4.16325e-11,0,2379,0.0,4.16325e-11,0.0,0.0,0.0,1.7499999999999998e-14,0,2379,0.002101723413198823,-0.0,146,16.294520547945204,0.0,1.0,7,exchange
2411,2252,4.147656910635187e-11,5.994e-21,1e-07,0.0,2.0365796261762863e-09,1.0000000811541436e-07,240,2171,1.0000000446783462e-07,3.647579744999999e-15,0.11054813450023031,1000.0000446783462,4.1666668528264424e-10,1.680138067710732e-18,167,2107,0.026959767731231855,3.321636404697168,176,13.698863636363637,0.0,0.9995852343425964,7,exchange
2416,2416,1.0000000000000003e-18,1e-18,1e-18,1e-18,1.9263286463777172e-34,2.4160000000000006e-15,0,2416,0.0,2.4160000000000006e-15,0.0,0.0,0.0,1.0000000000000003e-18,0,2416,0.0020695364238410598,-0.0,1,2416.0,0.0,1.0,7,exchange
2457,2456,1e-18,1e-18,1e-18,1e-18,0.0,2.4570000000000003e-15,0,2457,0.0,2.4570000000000003e-15,0.0,0.0,0.0,1e-18,0,2456,0.002442002442002442,-0.0,1,2457.0,0.0,1.0,7,exchange
2352,2352,1e-18,1e-18,1e-18,1e-18,0.0,2.3520000000000004e-15,0,2352,0.0,2.3520000000000004e-15,0.0,0.0,0.0,1e-18,0,2352,0.0021258503401360546,-0.0,1,2352.0,0.0,1.0,7,exchange
2329,2329,2e-12,2e-12,2e-12,2e-12,0.0,4.658e-09,0,2329,0.0,4.658e-09,0.0,0.0,0.0,2e-12,0,2329,0.0021468441391155,-0.0,496,4.695564516129032,0.0,1.0,7,exchange
1505,37,3.0551299820426386e-15,1.6949000000000001e-18,3e-13,0.0,1.4876046909094645e-14,4.597970622974171e-12,563,942,1.7963158063831504e-12,2.8016548165910207e-12,0.5976645435244161,0.017963158063831502,3.190614220929219e-15,2.9741558562537376e-15,26,21,0.8544850498338871,3.321480380237599,204,7.377450980392157,0.0,0.932890365448505,7,mixer
2458,2458,1.0000000000000003e-18,1e-18,1e-18,1e-18,1.926321831652333e-34,2.4580000000000005e-15,0,2458,0.0,2.4580000000000005e-15,0.0,0.0,0.0,1.0000000000000003e-18,0,2458,0.0020341741253051262,-0.0,1,2458.0,0.0,1.0,7,exchange
2540,2540,1e-18,1e-18,1e-18,1e-18,0.0,2.5400000000000003e-15,0,2540,0.0,2.5400000000000003e-15,0.0,0.0,0.0,1e-18,0,2540,0.001968503937007874,-0.0,1,2540.0,0.0,1.0,7,exchange
2368,2368,1.0000000000000003e-18,1e-18,1e-18,1e-18,1.9263367307355017e-34,2.3680000000000006e-15,0,2368,0.0,2.3680000000000006e-15,0.0,0.0,0.0,1.0000000000000003e-18,0,2368,0.0021114864864864866,-0.0,1,2368.0,0.0,1.0,7,exchange
2414,2414,1e-18,1e-18,1e-18,1e-18,0.0,2.414e-15,0,2414,0.0,2.414e-15,0.0,0.0,0.0,1e-18,0,2414,0.002071251035625518,-0.0,1,2414.0,0.0,1.0,7,exchange
2428,2428,1e-18,1e-18,1e-18,1e-18,0.0,2.4280000000000004e-15,0,2428,0.0,2.4280000000000004e-15,0.0,0.0,0.0,1e-18,0,2428,0.002059308072487644,-0.0,1,2428.0,0.0,1.0,7,exchange
2386,2386,1.0000000000000003e-18,1e-18,1e-18,1e-18,1.926333660971565e-34,2.3860000000000005e-15,0,2386,0.0,2.3860000000000005e-15,0.0,0.0,0.0,1.0000000000000003e-18,0,2386,0.0020955574182732607,-0.0,1,2386.0,0.0,1.0,7,exchange
2442,2442,1.0000000000000003e-18,1e-18,1e-18,1e-18,1.9263244000891473e-34,2.4420000000000006e-15,0,2442,0.0,2.4420000000000006e-15,0.0,0.0,0.0,1.0000000000000003e-18,0,2442,0.0020475020475020475,-0.0,1,2442.0,0.0,1.0,7,exchange
2404,2404,1.0000000000000003e-18,1e-18,1e-18,1e-18,1.9263306371918186e-34,2.4040000000000004e-15,0,2404,0.0,2.4040000000000004e-15,0.0,0.0,0.0,1.0000000000000003e-18,0,2404,0.0020798668885191347,-0.0,1,2404.0,0.0,1.0,7,exchange
2452,2452,1e-18,1e-18,1e-18,1e-18,0.0,2.4520000000000004e-15,0,2452,0.0,2.4520000000000004e-15,0.0,0.0,0.0,1e-18,0,2452,0.0020391517128874386,-0.0,1,2452.0,0.0,1.0,7,exchange
2444,2444,1e-18,1e-18,1e-18,1e-18,0.0,2.4440000000000003e-15,0,2444,0.0,2.4440000000000003e-15,0.0,0.0,0.0,1e-18,0,2444,0.0020458265139116204,-0.0,1,2444.0,0.0,1.0,7,exchange
202,1,2.503550389713177e-13,5.039342192396453e-18,8.932704221275488e-12,3.066e-23,9.479293671177923e-13,5.0571717872206175e-11,202,0,5.0571717872206175e-11,0.0,202.0,0.5057171787220617,2.503550389713177e-13,0.0,1,0,1.0,3.321647981612635,7,28.857142857142858,0.0,1.0,7,related
4,1,8.295468717065893e-11,3.7412607909559734e-15,3.318088739171138e-10,2.3922439399999997e-15,1.6590279116861772e-10,3.3181874868263574e-10,1,3,2.3922439399999997e-15,3.3181635643869574e-10,0.3333333333333333,7.209541945657448e-06,2.3922439399999997e-15,1.1060545214623191e-10,1,1,1.0,1.9999999994229218,4,1.0,0.0,1.0,7,related
2,1,3.876779546e-15,3.876779546e-15,7.750159092e-15,3.4e-18,5.477785886171742e-15,7.753559092e-15,1,1,7.750159092e-15,3.4e-18,1.0,7.750159092e-05,7.750159092e-15,3.4e-18,1,1,1.0,0.9999999997114609,1,2.0,0.0,1.0,7,related
3,2,9.666666666666667e-19,1e-18,1.1000000000000001e-18,8.000000000000001e-19,1.527525231651947e-19,2.9000000000000004e-18,1,2,1e-18,1.9000000000000003e-18,0.5,1e-08,1e-18,9.500000000000001e-19,1,1,1.0,1.5849625002883474,444,0.006756756756756757,0.0,1.0,7,related
2,1,8.785810869e-15,8.785810869e-15,1.7564121738e-14,7.5e-18,1.2414406285666949e-14,1.7571621738e-14,1,1,1.7564121738e-14,7.5e-18,1.0,0.00017564121738,1.7564121738e-14,7.5e-18,1,1,1.0,0.9999999997114609,1,2.0,0.0,1.0,7,related
2,1,1.82303316525e-14,1.82303316525e-14,3.58e-14,6.606633050000001e-16,2.4847263263431785e-14,3.6460663305e-14,1,1,6.606633050000001e-16,3.58e-14,1.0,6.606633050000001e-06,6.606633050000001e-16,3.58e-14,1,1,1.0,0.9999999997114609,1,2.0,0.0,1.0,7,related
3,1,4.4926147965905423e-10,9.721570459e-15,1.3477747131731737e-09,4.23353e-18,7.781352858748956e-10,1.3477844389771626e-09,2,1,1.3477844347436326e-09,4.23353e-18,2.0,13.477844347436326,6.738922173718163e-10,4.23353e-18,1,1,1.0,1.5849625002883474,4,0.75,0.0,1.0,7,related
2055,609,8.46542180216391e-11,1.1085580261176183e-15,1.930536125438282e-08,3.066e-23,7.797001911537241e-10,1.7396441803446833e-07,967,1088,8.679854395339628e-08,8.716587408107205e-08,0.8887867647058824,0.9957858493183455,8.976064524653184e-11,8.011569308922062e-11,429,283,0.6102189781021898,3.3218727673360577,415,4.951807228915663,0.0,1.0,7,exchange
2382,1060,0.5090092359363303,3.0634671658424464e-17,1201.8509749999998,1.831999e-30,24.62606667929556,1212.4600000003393,1018,1364,4.960318931967997e-12,1212.4600000003343,0.7463343108504399,4.091119650930035e-15,4.872611917453828e-15,0.888900293255377,485,716,0.3446683459277918,3.3218624360103393,1844,1.29175704989154,0.00041981528127623844,0.9991603694374476,7,exchange
556,93,1.582467473048895e-15,7.710332322070024e-18,9.469459050147197e-14,3.71644406249e-25,6.095268820706718e-15,8.798519150151857e-13,275,281,3.571171785921676e-13,5.227347364230181e-13,0.9786476868327402,0.003571171785921676,1.2986079221533366e-15,1.8602659659182137e-15,70,56,0.5485611510791367,3.3218720231031504,415,1.3397590361445784,0.0,1.0,7,exchange
15,8,9.261659560064638e-14,1.7778636858272514e-17,1.3294768685864211e-12,9.3286255316e-20,3.4226453746558995e-13,1.3892489340096958e-12,5,10,1.3541925782435153e-12,3.505635576618058e-14,0.5,0.013541925782435153,2.7083851564870307e-13,3.5056355766180578e-15,2,6,0.8,3.2402239274991564,1,15.0,0.0,1.0,8,attacker
2499,2499,1.7492997599039618e-14,1.75e-14,1.75e-14,1e-18,3.5005001700580205e-16,4.3715001e-11,1,2498,1e-18,4.3715e-11,0.00040032025620496394,1e-08,1e-18,1.75e-14,1,2498,0.0020008003201280513,-1.4426951601859516e-10,208,12.014423076923077,0.0,1.0,8,suspect
2543,2543,1.0000000000000003e-18,1e-18,1e-18,1e-18,1.926308728921214e-34,2.5430000000000005e-15,0,2543,0.0,2.5430000000000005e-15,0.0,0.0,0.0,1.0000000000000003e-18,0,2543,0.001966181675186787,-0.0,1,2543.0,0.0,1.0,8,suspect
2535,2535,1e-18,1e-18,1e-18,1e-18,0.0,2.5350000000000004e-15,0,2535,0.0,2.5350000000000004e-15,0.0,0.0,0.0,1e-18,0,2535,0.0019723865877712033,-0.0,1,2535.0,0.0,1.0,8,suspect
2578,2578,1.0000000000000003e-18,1e-18,1e-18,1e-18,1.9263035848882558e-34,2.5780000000000005e-15,0,2578,0.0,2.5780000000000005e-15,0.0,0.0,0.0,1.0000000000000003e-18,0,2578,0.001939487975174554,-0.0,1,2578.0,0.0,1.0,8,suspect
2422,2422,1e-18,1e-18,1e-18,1e-18,0.0,2.4220000000000003e-15,0,2422,0.0,2.4220000000000003e-15,0.0,0.0,0.0,1e-18,0,2422,0.002064409578860446,-0.0,1,2422.0,0.0,1.0,8,suspect
2440,2440,1e-18,1e-18,1e-18,1e-18,0.0,2.4400000000000002e-15,0,2440,0.0,2.4400000000000002e-15,0.0,0.0,0.0,1e-18,0,2440,0.0020491803278688526,-0.0,1,2440.0,0.0,1.0,8,suspect
6,6,1.7432923708501666e-14,9.877112500000001e-17,1.04e-13,1e-26,4.240929115636041e-14,1.0459754225101e-13,5,1,5.975422510099999e-16,1.04e-13,5.0,5.975422510099999e-06,1.19508450202e-16,1.04e-13,5,1,0.8333333333333334,2.584962499855539,1130,0.005309734513274336,0.0,1.0,8,suspect
2525,2525,1.0000000000000003e-18,1e-18,1e-18,1e-18,1.926311429969741e-34,2.5250000000000006e-15,0,2525,0.0,2.5250000000000006e-15,0.0,0.0,0.0,1.0000000000000003e-18,0,2525,0.0019801980198019802,-0.0,1,2525.0,0.0,1.0,8,suspect
2453,2451,1.0000000000000003e-18,1e-18,1e-18,1e-18,1.9263226306884697e-34,2.4530000000000006e-15,0,2453,0.0,2.4530000000000006e-15,0.0,0.0,0.0,1.0000000000000003e-18,0,2451,0.0028536485935589076,-0.0,1,2453.0,0.0,1.0,8,suspect
2433,2433,1.0000000000000003e-18,1e-18,1e-18,1e-18,1.926325859684745e-34,2.4330000000000007e-15,0,2433,0.0,2.4330000000000007e-15,0.0,0.0,0.0,1.0000000000000003e-18,0,2433,0.002055076037813399,-0.0,1,2433.0,0.0,1.0,8,suspect
48,26,4.815002481000435e-14,2.46548336305692e-16,2.09307186123e-12,0.0,3.01930214502646e-13,2.311201190880209e-12,29,19,2.1519836222681495e-12,1.5921756861205924e-13,1.5263157894736843,0.021519836222681495,7.420633180234999e-14,8.379872032213644e-15,14,13,0.5208333333333334,3.3106371273837154,2737,0.0175374497625137,0.0,0.9791666666666666,8,suspect
14,14,0.0004999818232046022,5.669747481702799e-16,0.0069996,0.0,0.00187071879731477,0.0069997455248644305,12,2,0.006999745524863866,5.647705850405597e-16,6.0,69997455.24863866,0.0005833121270719888,2.8238529252027984e-16,12,2,0.35714285714285715,3.2359263491863377,905,0.015469613259668509,0.0,0.8571428571428571,8,suspect
43,27,6.816767493780908e-10,4e-16,2.9310517950132595e-08,0.0,4.46980634256345e-09,2.931210022325791e-08,27,16,2.9310659724687496e-08,1.440498570416058e-12,1.6875,293.10659724687497,1.0855799898032407e-09,9.003116065100363e-14,19,10,0.4186046511627907,3.2788532084306268,2323,0.018510546706844596,0.0,0.9534883720930233,8,suspect
8,5,7.831383959507638e-14,1.7532414577140383e-15,4.1719651673e-13,5.4e-19,1.5225383282669576e-13,6.26510716760611e-13,5,3,2.0581366003061102e-13,4.2069705672999996e-13,1.6666666666666667,0.0020581366003061103,4.11627320061222e-14,1.4023235224333333e-13,4,2,1.0,2.749999998990113,82,0.0975609756097561,0.0,1.0,8,related
324,146,6.861650708641534e-11,4.212e-18,2.221978372165806e-08,4.1e-34,1.2344304294826836e-09,2.2231748295998568e-08,324,0,2.2231748295998568e-08,0.0,324.0,222.31748295998568,6.861650708641534e-11,0.0,146,0,0.5246913580246914,2.0885391473509283,208,1.5576923076923077,0.0,1.0,8,related
2500,656,0.4552284478622043,2.96779192e-16,1138.0711178108825,0.0,22.76142235620289,1138.071119655511,1194,1306,8.663116933340749e-07,1138.0711187891993,0.9142419601837672,7.612105069986743e-10,7.255541820218383e-10,0.8714173957038279,499,269,0.276,3.3219280934446673,18,138.88888888888889,0.0004,0.9976,8,related
15,1,2.5953120900989923e-10,2.988977e-18,3.891864156194086e-09,4.02050943449855e-22,1.0048546779842126e-09,3.892968135148489e-09,9,6,3.8929406095362325e-09,2.7525612256999998e-14,1.5,38.929406095362324,4.3254895661513696e-10,4.587602042833333e-15,1,1,1.0,3.056564760832528,1,15.0,0.0,1.0,8,related
305,175,5.3594834674543535e-09,2e-17,1.5226262610263606e-06,2.44e-34,8.736252201882635e-08,1.6346424575735778e-06,305,0,1.6346424575735778e-06,0.0,305.0,16346.424575735778,5.3594834674543535e-09,0.0,175,0,0.4098360655737705,2.3746581591554694,209,1.4593301435406698,0.0,0.9967213114754099,8,related
2457,592,1.1841558327790294e-17,3.499859860420297e-18,8.249915242128155e-16,1e-29,3.012599176257596e-17,2.9094708811380754e-14,1251,1206,1.5650638143281835e-14,1.344407066809892e-14,1.037313432835821,0.00015650638143281835,1.251050211293512e-17,1.1147653953647529e-17,365,366,0.33577533577533575,3.32192558277496,2031,1.2097488921713442,0.0,1.0,8,related
2266,606,7.430966099093038e-07,6.195895543210009e-19,0.0015166942158311774,3.0007599999999996e-31,3.205183999745139e-05,0.0016838569180544823,1139,1127,0.0015171563268874242,0.0001667005911670582,1.0106477373558118,9.101085462660498,1.3320073107001091e-06,1.4791534265045093e-07,435,301,0.2599293909973522,3.3219247208502143,13,174.30769230769232,0.0,0.999117387466902,8,related
2264,690,6.615876864703029e-12,1.1553536212482231e-18,3.927012949770061e-09,0.0,1.0716042716927391e-10,1.4978345221687658e-08,1090,1174,1.0002664338468586e-08,4.9756808832190715e-09,0.9284497444633731,2.0103106636527808,9.17675627382439e-12,4.238229031702787e-12,507,358,0.23542402826855124,3.3219247168771977,103,21.980582524271846,0.0,0.9995583038869258,8,related
2485,768,16339915.241871826,1.81193973e-16,9250445799.460278,0.0,318645168.6851786,40604689376.05149,1211,1274,12341011712.430866,28263677663.620625,0.9505494505494505,0.43663856697302716,10190761.116788493,22184990.316813678,563,404,0.24909456740442656,3.3219111552891727,13,191.15384615384616,0.004024144869215292,0.9875251509054326,8,related
2423,663,7.863859706616192e-11,2e-16,1.4974810103752466e-08,5.7204e-22,7.20799110436342e-10,1.9054132069131032e-07,1194,1229,8.08516158127851e-08,1.0968970487852522e-07,0.9715215622457283,0.7370939314890438,6.771492111623543e-11,8.925118379050059e-11,469,324,0.5988444077589765,3.3218813876530486,29,83.55172413793103,0.0,1.0,8,related
2454,787,1.9418043777424675e-11,5.121088700607768e-16,1e-08,0.0,2.745783810684427e-10,4.7651879429800154e-08,1122,1332,2.8407083966380453e-08,1.9244795463419698e-08,0.8423423423423423,1.4760917579184634,2.531825665452803e-11,1.4448044642206981e-11,526,426,0.45558272208638956,3.321925219429831,205,11.970731707317073,0.0,0.991442542787286,8,related
2481,746,9.294533261816926e-18,3.6753491359870206e-18,7.957633412698362e-16,4.45415478238346e-22,2.418284804838061e-17,2.305973702256779e-14,1250,1231,1.1135156194170267e-14,1.1924580828397525e-14,1.0154346060113728,0.00011135156194170267,8.908124955336214e-18,9.68690562826769e-18,499,395,0.29383313180169285,3.3195193110218977,55,45.10909090909091,0.0,1.0,8,related
2577,658,4.8960178995775295e-09,9.11576737e-16,8.07012550464011e-06,0.0,1.623149679698432e-07,1.261703812721129e-05,1279,1298,1.1174321784261527e-05,1.4427163429497628e-06,0.985362095531587,7.745335275966047,8.736764491213079e-09,1.1114917896377217e-09,459,424,0.4435389988358556,3.3219214629502316,233,11.060085836909872,0.0,0.996895615056267,8,related
2464,622,28607542.413701046,4.100881e-17,59134361603.002235,0.0,1202129646.3588157,70488984507.35938,1101,1363,64811673055.18076,5677311452.178608,0.8077769625825385,11.41590937913226,58866188.06101795,4165305.5408500424,379,381,0.2950487012987013,3.321925242707409,41,60.09756097560975,0.0012175324675324675,0.994724025974026,8,related
2469,715,191.8830648976646,7.1884111e-17,173765.90894395747,0.0,4939.473058266184,473759.2872323339,1075,1394,204142.33499855467,269616.95223377924,0.7711621233859397,0.7571568972471252,189.89984651028342,193.41244780041552,499,343,0.23572296476306198,3.321924661614725,52,47.48076923076923,0.0064803564196030785,0.9870392871607938,8,related
109,10,6.640065341654368e-14,8.679953207637945e-18,5.709940017799999e-12,0.0,5.475374118746648e-13,7.237671222403261e-12,46,63,3.477453335419779e-13,6.889925888861283e-12,0.7301587301587301,0.003477453335419779,7.559681163956042e-15,1.0936390299779814e-13,6,7,0.9174311926605505,3.3213677068758276,2726,0.03998532648569332,0.0,0.9724770642201835,8,related
410,5,2.1724231216035714e-11,5.510234125e-16,3.6972657248542697e-09,1.12685e-21,2.4036198064092783e-10,8.906934798574643e-09,152,258,3.4939905534042627e-12,8.903440808021239e-09,0.5891472868217055,0.0003924314912338695,2.298677995660699e-14,3.450946049620635e-11,4,5,1.0,3.3219280934446673,230,1.7826086956521738,0.0,1.0,8,related
3,1,3.759030957945177e-16,2.4421299057777547e-16,8.832545298655503e-16,2.417669402274675e-19,4.559984624220246e-16,1.1277092873835534e-15,1,2,2.417669402274675e-19,1.1274675204433258e-15,0.5,2.417669402274675e-09,2.417669402274675e-19,5.637337602216629e-16,1,1,1.0,1.5849625002883474,1,3.0,0.0,1.0,8,related
8,3,4.550982776085101e-15,1.9906194377669684e-15,1.0825661949091931e-14,9.991043889999999e-16,4.288401881750133e-15,3.640786220868081e-14,5,3,2.490903900619114e-14,1.1498823202489669e-14,1.6666666666666667,0.00024909039006191136,4.981807801238228e-15,3.832941067496556e-15,3,2,1.0,2.9999999988458437,48,0.16666666666666666,0.0,1.0,8,related
3,2,2.5437753368626384e-14,1.3897669747658987e-14,5.546059035822018e-14,6.955e-15,2.6231245137889578e-14,7.631326010587915e-14,0,3,0.0,7.631326010587915e-14,0.0,0.0,0.0,2.5437753368626384e-14,0,2,1.0,1.5849625002883474,192,0.015625,0.0,1.0,8,related
8,1,4.5984033716392934e-17,1.3130599302795652e-17,1.9e-16,5.755511319221173e-20,6.72041871918403e-17,3.678722697311435e-16,6,2,3.6695955511319225e-16,9.127146179512462e-19,3.0,3.6695955511319225e-06,6.115992585219871e-17,4.563573089756231e-19,1,1,1.0,2.9999999988458437,8,1.0,0.0,1.0,8,related
5,3,2.528913765627432e-17,7.663355887208416e-20,1.26e-16,1.3896103022762532e-20,5.629918832900743e-17,1.2644568828137163e-16,1,4,1.26e-16,4.456882813716258e-19,0.25,1.26e-06,1.26e-16,1.1142207034290645e-19,1,3,1.0,2.3219280941660148,37,0.13513513513513514,0.0,1.0,8,related
8,5,1.0661227008114e-14,2.9249830000000003e-16,8.2515546406912e-14,1e-18,2.903802235018343e-14,8.5289816064912e-14,3,5,1.5675635490000002e-15,8.3722252515912e-14,0.6,1.567563549e-05,5.225211830000001e-16,1.67444505031824e-14,3,4,1.0,2.9999999988458437,245,0.0326530612244898,0.0,1.0,8,related
16,5,1.4394911442402852e-15,8.70657725868093e-19,1.1052871113747069e-14,3.706342401943075e-20,2.764286712897873e-15,2.303185830784456e-14,7,9,1.2784043784748218e-14,1.0247814523096342e-14,0.7777777777777778,0.00012784043784748217,1.8262919692497455e-15,1.1386460581218157e-15,4,3,1.0,3.249999998557305,219,0.0730593607305936,0.0,1.0,8,related
2,1,3.940024290204718e-14,3.940024290204718e-14,7.879943736263032e-14,1.0484414640399699e-18,5.5718875152731595e-14,7.880048580409436e-14,1,1,7.879943736263032e-14,1.0484414640399699e-18,1.0,0.0007879943736263032,7.879943736263032e-14,1.0484414640399699e-18,1,1,1.0,0.9999999997114609,1,2.0,0.0,1.0,8,related
11,2,1.1065363540639324e-15,1.1617504111136893e-15,3.003530578874702e-15,7.830776420036996e-20,1.1769705079157157e-15,1.2171899894703255e-14,7,4,9.820936550572978e-15,2.3509633441302777e-15,1.75,9.820936550572978e-05,1.4029909357961397e-15,5.877408360325694e-16,2,1,1.0,3.277613435376421,29,0.3793103448275862,0.0,1.0,8,related
7,3,1.570591885714286e-19,7.9947e-20,4.5237649e-19,3.07933e-21,1.9939234662332099e-19,1.09941432e-18,2,5,5.323234900000001e-19,5.6709083e-19,0.4,5.3232349e-09,2.6616174500000003e-19,1.13418166e-19,2,3,1.0,2.8073549210477173,185,0.03783783783783784,0.0,1.0,8,related
10,5,5.614939061080349e-19,1.7647064426697213e-19,3.67356006496128e-18,5.1710445692430426e-20,1.104104176082934e-18,5.6149390610803485e-18,6,4,1.5890550229796523e-18,4.025884038100696e-18,1.5,1.5890550229796523e-08,2.6484250382994207e-19,1.006471009525174e-18,3,3,1.0,3.3219280934446673,1682,0.005945303210463734,0.0,1.0,8,related
14,5,6.6037335422054054e-18,3.260410961980524e-19,7.499604265778138e-17,3.1227409446978097e-22,1.980635508849507e-17,9.24522695908757e-17,6,8,8.152121232270697e-17,1.0931057268168732e-17,0.75,8.152121232270697e-07,1.3586868720451162e-17,1.3663821585210915e-18,5,2,1.0,3.2359263491863377,97,0.14432989690721648,0.0,1.0,8,related
